ID,Nombre,Edad,Grado,Fecha de Ingreso,Calificaci칩n Matem치ticas,Calificaci칩n Ciencias,Calificaci칩n Historia,Asistencia (%),Email
1,Margaret Griffin,11.0,5.0,2014-06-07,76.0,0.0,0.0,0.0,cheryl54@hotmail.com
2,Joshua Harrington,11.0,7.0,2024-09-19,0.0,0.0,0.0,0.0,ronald04@hall-alvarez.net
3,Jerry Moore,12.0,7.0,2014-11-08,0.0,51.0,0.0,0.0,sharon96@gmail.com
4,Aaron Butler,7.0,6.0,2014-03-10,53.0,64.0,0.0,0.0,
5,Jacob Greene,11.0,0.0,2024-09-19,0.0,0.0,0.0,0.0,
6,Selena Jackson,11.0,5.0,2024-09-19,0.0,0.0,0.0,0.0,
7,Todd Ruiz,11.0,7.0,2024-09-19,0.0,77.0,0.0,95.0,kimbrian@gmail.com
8,Julie Gonzales,17.0,7.0,2024-09-19,0.0,0.0,0.0,0.0,
9,George Atkinson,15.0,7.0,2024-09-19,50.0,0.0,0.0,59.0,sandrasanders@yahoo.com
10,Yvonne Spencer,11.0,6.0,2024-09-19,0.0,0.0,73.0,0.0,
11,Evan Stanley,11.0,5.0,2024-09-19,0.0,0.0,100.0,58.0,
12,Robert Serrano,11.0,5.0,2024-09-19,85.0,78.0,0.0,0.0,jonathan37@maldonado.com
13,Julie Jennings,11.0,7.0,2024-09-19,0.0,100.0,0.0,0.0,tinablack@yahoo.com
14,Connor Mueller,11.0,7.0,2024-09-19,0.0,68.0,68.0,81.0,
15,Kimberly Rollins,11.0,7.0,2024-09-19,0.0,0.0,0.0,89.0,
16,Jeremy Johnson,11.0,0.0,2024-09-19,0.0,0.0,0.0,0.0,jamescurtis@friedman.com
17,Brianna Lee,17.0,8.0,2024-09-19,70.0,0.0,0.0,0.0,daniel51@yahoo.com
18,David Fox,11.0,0.0,2024-09-19,68.0,0.0,0.0,65.0,
19,Rachel Johnson,11.0,8.0,2024-09-19,63.0,73.0,82.0,59.0,joshuacervantes@gmail.com
20,Angel Harris,11.0,8.0,2024-09-19,0.0,0.0,61.0,81.0,
21,Mark Perez,11.0,0.0,2024-09-19,0.0,76.0,0.0,86.0,matthew47@yahoo.com
22,Elizabeth Guerra,11.0,8.0,2024-09-19,65.0,58.0,0.0,79.0,
23,Juan Myers,11.0,7.0,2024-09-19,91.0,0.0,0.0,0.0,gregoryandersen@gutierrez.com
24,John Wolf,11.0,0.0,2024-09-19,55.0,99.0,55.0,0.0,kevinmartinez@park-hernandez.info
25,Rachel Jordan,11.0,8.0,2024-09-19,0.0,0.0,50.0,0.0,knightmelissa@hotmail.com
26,Brian Curtis,11.0,7.0,2024-09-19,78.0,0.0,0.0,96.0,
27,Dennis Howell,18.0,8.0,2024-09-19,53.0,0.0,0.0,51.0,
28,Julie Daniels,11.0,6.0,2024-09-19,78.0,0.0,91.0,0.0,ginagonzales@yahoo.com
29,Christian Howell,11.0,8.0,2024-09-19,82.0,0.0,0.0,71.0,
30,Alexander George,11.0,8.0,2024-09-19,0.0,67.0,0.0,0.0,
31,Natalie Miller,11.0,5.0,2024-09-19,0.0,76.0,0.0,53.0,ygreen@yates-thomas.net
32,Mr. Brandon Johnson,12.0,8.0,1974-01-12,0.0,0.0,0.0,0.0,
33,Kristen Jackson,11.0,5.0,2024-09-19,0.0,0.0,84.0,76.0,ashleyruiz@young.com
34,Mr. Timothy Li,17.0,8.0,2024-09-19,0.0,0.0,96.0,0.0,usmith@yahoo.com
35,Richard Flores,11.0,5.0,2024-09-19,0.0,0.0,0.0,90.0,lnunez@lopez.com
36,Julie Rodriguez,11.0,0.0,2024-09-19,77.0,0.0,0.0,61.0,
37,Michael Zuniga,11.0,7.0,2024-09-19,92.0,61.0,50.0,0.0,
38,Randy Sullivan DDS,5.0,6.0,2024-09-19,0.0,0.0,0.0,0.0,
39,Carla Smith,11.0,8.0,2024-09-19,0.0,0.0,66.0,0.0,ffoster@gmail.com
40,Alexandria Robinson,11.0,6.0,2024-09-19,55.0,66.0,0.0,0.0,
41,Julie Johnson,11.0,8.0,2024-09-19,0.0,0.0,0.0,0.0,clarkbilly@hotmail.com
42,Ms. Taylor Cooke,11.0,8.0,2024-09-19,0.0,0.0,0.0,0.0,adamsderek@atkins.com
43,Juan Diaz,11.0,5.0,2011-01-04,0.0,92.0,0.0,0.0,
44,Miranda Cross DVM,11.0,5.0,2024-09-19,0.0,0.0,59.0,71.0,liloretta@hotmail.com
45,Maurice Jackson,16.0,5.0,2024-09-19,93.0,81.0,0.0,0.0,
46,Christina Cooper,7.0,6.0,2024-09-19,69.0,0.0,84.0,0.0,
47,Travis Stanton,11.0,8.0,2024-09-19,0.0,0.0,0.0,0.0,nancy06@yahoo.com
48,Melissa Patterson,11.0,0.0,1980-02-01,0.0,0.0,0.0,62.0,
49,Julie Garcia,11.0,5.0,2024-09-19,0.0,0.0,69.0,0.0,
50,Courtney Mcgrath,15.0,0.0,2024-09-19,0.0,98.0,0.0,0.0,daniel70@gmail.com
51,Betty Lopez,11.0,7.0,1979-05-10,99.0,0.0,0.0,94.0,freemanjohn@shields.biz
52,Amy Reyes,11.0,5.0,2024-09-19,98.0,76.0,0.0,84.0,erichardson@brown.com
53,Jennifer Daniels,11.0,7.0,2024-09-19,0.0,94.0,0.0,0.0,mcgeematthew@yahoo.com
54,John Hall,11.0,6.0,2024-09-19,52.0,0.0,0.0,0.0,kimberlywilliams@williams-mays.com
55,Steven Herrera,11.0,6.0,2024-09-19,92.0,0.0,74.0,83.0,angela71@brown-diaz.com
56,Tanya Lyons,11.0,0.0,2024-09-19,85.0,0.0,56.0,0.0,olopez@hotmail.com
57,Robert Collins,11.0,8.0,2024-09-19,0.0,73.0,0.0,62.0,schroederandrew@baker.biz
58,Steven Gonzalez,11.0,5.0,2014-06-07,0.0,53.0,0.0,0.0,
59,Curtis Mann,11.0,0.0,2024-09-19,0.0,0.0,0.0,0.0,dbeck@hotmail.com
60,Donald Skinner,11.0,5.0,2024-09-19,0.0,0.0,0.0,0.0,gregory74@gmail.com
61,Jessica Hendrix,11.0,8.0,2024-09-19,0.0,0.0,0.0,55.0,
62,Nicolas Wilson,11.0,6.0,2024-09-19,88.0,0.0,0.0,0.0,mwatkins@yahoo.com
63,Robert Mckinney,10.0,0.0,2024-06-09,83.0,91.0,0.0,54.0,
64,Bradley Lloyd,11.0,6.0,2024-09-19,0.0,0.0,0.0,78.0,
65,Rita Carter,12.0,8.0,2024-09-19,75.0,0.0,0.0,0.0,valentinekim@hotmail.com
66,Karen Morgan,7.0,0.0,2024-09-19,88.0,0.0,0.0,85.0,jonesashley@graves.com
67,Samuel Avila,11.0,7.0,2024-09-19,90.0,0.0,93.0,0.0,
68,Rachel Shields,10.0,7.0,2024-09-19,0.0,0.0,69.0,0.0,gwolfe@gmail.com
69,Valerie Wood,11.0,8.0,2024-09-19,0.0,100.0,85.0,0.0,kellyallen@hotmail.com
70,Robert Collins,11.0,7.0,2024-09-19,96.0,0.0,62.0,0.0,jenniferstewart@lam-decker.org
71,Jason Smith,11.0,6.0,2024-09-19,69.0,0.0,55.0,0.0,
72,Lucas Chapman,9.0,7.0,1982-04-10,0.0,59.0,0.0,0.0,eric63@rios.biz
73,Donald Phillips,11.0,6.0,2024-09-19,56.0,57.0,61.0,0.0,
74,Jasmine Mccoy,11.0,5.0,2024-09-19,79.0,95.0,0.0,0.0,
75,Jessica Foster,5.0,6.0,2024-09-19,0.0,0.0,0.0,0.0,jeffrey84@gmail.com
76,Alexander Rodriguez,11.0,5.0,2024-09-19,0.0,0.0,0.0,57.0,
77,Christine Thompson,17.0,8.0,2024-09-19,53.0,66.0,0.0,57.0,
78,Kristy Ramirez,11.0,8.0,2024-09-19,0.0,0.0,0.0,93.0,gthompson@hotmail.com
79,Roy Martinez,11.0,8.0,2024-09-19,0.0,0.0,96.0,0.0,
80,Sean Rosales,18.0,0.0,2024-09-19,56.0,0.0,0.0,0.0,iblevins@harding.biz
81,Katherine Gonzalez,11.0,5.0,1992-01-05,0.0,0.0,0.0,0.0,
82,Jacob Medina,11.0,8.0,2024-09-19,0.0,0.0,0.0,0.0,
83,Taylor Schaefer,11.0,8.0,2024-09-19,0.0,0.0,76.0,51.0,murphymelissa@sanchez-norton.net
84,Molly Peters,11.0,7.0,2024-09-19,55.0,0.0,0.0,0.0,kimberly87@brown.org
85,Amy Gallagher,11.0,6.0,2024-09-19,0.0,0.0,92.0,0.0,zellis@dean.net
86,Michael Weaver,11.0,7.0,2024-09-19,89.0,0.0,0.0,62.0,
87,Amber Walker,11.0,6.0,2024-09-19,0.0,0.0,97.0,59.0,joyreid@hill.com
88,Michelle Marsh,9.0,7.0,2024-09-19,0.0,76.0,56.0,98.0,
89,Todd Atkins,11.0,8.0,2024-09-19,0.0,74.0,0.0,83.0,
90,Carla Harrington,5.0,6.0,2024-09-19,0.0,0.0,0.0,86.0,ryansanchez@hernandez-gray.info
91,Daniel Lynch,11.0,7.0,2024-09-19,68.0,0.0,0.0,0.0,heatherbates@gmail.com
92,Clinton Miller,12.0,6.0,2024-09-19,0.0,0.0,93.0,59.0,jeffreywilliams@green.biz
93,Courtney Schwartz,11.0,7.0,2024-09-19,0.0,68.0,92.0,0.0,samuel19@hotmail.com
94,Paige Jackson,16.0,6.0,2024-09-19,0.0,0.0,0.0,0.0,
95,Ian Butler,11.0,8.0,2024-09-19,0.0,54.0,0.0,56.0,
96,Cory Gillespie,11.0,7.0,2024-09-19,0.0,0.0,0.0,80.0,jmullins@robinson.com
97,Amanda Campos,11.0,5.0,2024-09-19,0.0,0.0,0.0,0.0,
98,Mitchell Henderson,6.0,0.0,2024-09-19,0.0,0.0,0.0,0.0,shannontrujillo@campbell-price.com
99,Wendy Lee,11.0,5.0,2024-09-19,89.0,0.0,0.0,0.0,omercado@gmail.com
100,Lisa Parker,11.0,8.0,2024-09-19,75.0,76.0,73.0,0.0,carla60@gmail.com
101,Tanya Adams,10.0,8.0,2024-09-19,97.0,0.0,87.0,53.0,allenchristie@hill-brown.com
102,Lauren Young,11.0,7.0,2024-09-19,0.0,0.0,70.0,56.0,heatheryang@daniel.biz
103,Gina Hubbard,11.0,8.0,2024-09-19,0.0,0.0,71.0,0.0,kathrynlawson@hotmail.com
104,Maxwell Walker,11.0,7.0,2024-09-19,0.0,79.0,81.0,0.0,jenniferharmon@hotmail.com
105,Nicole Deleon,11.0,0.0,2024-09-19,95.0,0.0,0.0,77.0,stevevaughn@gmail.com
106,Dennis Miller,18.0,0.0,2024-09-19,81.0,0.0,67.0,0.0,
107,Anthony Macdonald,12.0,6.0,2024-09-19,0.0,79.0,79.0,0.0,
108,Mary Brewer,11.0,8.0,2024-09-19,0.0,0.0,70.0,82.0,sara53@daniels-french.com
109,Marc Austin,17.0,0.0,2024-09-19,0.0,90.0,0.0,0.0,marie14@gmail.com
110,Jason Kelly,11.0,6.0,2024-09-19,0.0,63.0,0.0,51.0,vhudson@yahoo.com
111,Ryan Davenport,11.0,0.0,1986-07-04,0.0,0.0,100.0,0.0,
112,Andrew Morgan,9.0,7.0,2024-09-19,0.0,0.0,90.0,66.0,
113,Whitney Wallace,11.0,0.0,2024-09-19,60.0,0.0,74.0,0.0,
114,Bridget Perry,14.0,0.0,2024-09-19,0.0,0.0,0.0,79.0,ijames@vasquez.com
115,Patrick Garcia,10.0,8.0,2024-09-19,0.0,98.0,0.0,0.0,
116,Elizabeth Young,11.0,5.0,2024-09-19,75.0,0.0,0.0,60.0,scottbowers@hotmail.com
117,Zachary Hicks,11.0,7.0,2024-09-19,72.0,85.0,88.0,93.0,andrewjohnson@bush.com
118,Ruth Dorsey,11.0,6.0,1978-02-07,0.0,0.0,0.0,0.0,brandi00@lopez-cruz.org
119,Heather Pace,6.0,7.0,2024-09-19,0.0,0.0,0.0,0.0,
120,Mary Kirby,10.0,0.0,2024-09-19,0.0,52.0,0.0,76.0,
121,Lucas Williams,9.0,6.0,2024-09-19,0.0,85.0,0.0,0.0,kelly60@neal-gordon.info
122,John Thomas,11.0,8.0,2024-09-19,0.0,0.0,0.0,85.0,lindsey24@hotmail.com
123,Elizabeth Bates DDS,15.0,6.0,2024-09-19,0.0,50.0,0.0,0.0,jason67@williams.org
124,Melissa Smith,11.0,5.0,2024-09-19,0.0,0.0,0.0,0.0,sanchezjustin@myers.info
125,April Carson,12.0,7.0,1976-03-05,83.0,0.0,0.0,0.0,
126,Jared Ward,9.0,0.0,2024-09-19,87.0,0.0,0.0,0.0,mcbridekevin@yahoo.com
127,Amy Stokes,16.0,0.0,2024-09-19,60.0,0.0,75.0,80.0,
128,Priscilla Powers,11.0,0.0,2024-09-19,0.0,88.0,0.0,80.0,jreese@reynolds-wheeler.com
129,Steven Hernandez,11.0,8.0,2024-09-19,0.0,0.0,0.0,0.0,
130,Tracy Miller,11.0,8.0,2024-09-19,0.0,0.0,62.0,97.0,
131,Timothy James,11.0,8.0,2024-09-19,72.0,0.0,85.0,0.0,traceylewis@carter.com
132,David Cunningham,11.0,7.0,2010-11-10,0.0,0.0,0.0,0.0,jperry@larsen.net
133,Robert Williams,11.0,8.0,2024-09-19,62.0,0.0,0.0,0.0,
134,Travis Wilson,11.0,7.0,2024-09-19,0.0,0.0,70.0,58.0,moniquerussell@gmail.com
135,Matthew Smith,11.0,0.0,2024-09-19,53.0,0.0,0.0,0.0,fle@jimenez-sanders.com
136,Tiffany Owen,17.0,5.0,2024-09-19,0.0,0.0,89.0,79.0,murphyjeanne@thomas.org
137,Eric Turner,10.0,8.0,2024-09-19,0.0,56.0,0.0,59.0,
138,Kenneth Cummings,14.0,0.0,2024-09-19,0.0,75.0,0.0,53.0,kelseycantrell@mccullough.info
139,Seth Lee,14.0,7.0,2024-09-19,0.0,0.0,0.0,0.0,bakergregory@butler-patton.org
140,Erin Hernandez,11.0,6.0,2024-09-19,97.0,0.0,0.0,0.0,eduardovargas@gardner-martinez.org
141,Kylie Lamb,11.0,7.0,2024-09-19,67.0,0.0,92.0,65.0,erikacole@knapp-graham.biz
142,Steven Moore,11.0,0.0,2024-09-19,72.0,0.0,0.0,67.0,
143,Adam Hernandez,11.0,0.0,2024-09-19,0.0,0.0,0.0,81.0,mary71@hotmail.com
144,Albert Walker,11.0,7.0,2024-09-19,82.0,82.0,0.0,89.0,james85@hotmail.com
145,Sarah Rogers,9.0,0.0,2023-01-06,65.0,0.0,78.0,97.0,katherine23@hotmail.com
146,Ian Jenkins,11.0,7.0,2024-09-19,0.0,100.0,0.0,59.0,
147,Ralph Davis,13.0,8.0,1998-05-01,0.0,81.0,0.0,91.0,matthew24@lee-foster.com
148,Eduardo Vargas,7.0,8.0,2010-09-10,0.0,0.0,0.0,85.0,
149,Carrie Grant,11.0,6.0,2024-09-19,0.0,0.0,0.0,0.0,katie67@smith.com
150,Tammie Smith,11.0,8.0,2024-09-19,0.0,0.0,0.0,0.0,
151,Eric Herring,11.0,5.0,2024-09-19,64.0,0.0,77.0,0.0,eallen@mccormick.com
152,Kayla Lopez,11.0,0.0,2024-09-19,67.0,0.0,0.0,0.0,
153,Angela Marsh,11.0,6.0,2024-09-19,0.0,52.0,0.0,74.0,
154,Ashley Daniels,11.0,8.0,2024-09-19,0.0,0.0,0.0,54.0,michaellee@solis.com
155,Martha Miller,15.0,8.0,2024-09-19,0.0,0.0,62.0,66.0,
156,Blake Chen,11.0,8.0,2024-09-19,83.0,75.0,0.0,90.0,xmarquez@rodriguez.com
157,Tiffany Henry,11.0,8.0,2024-09-19,0.0,66.0,0.0,0.0,
158,John Collins,11.0,5.0,2024-09-19,70.0,0.0,0.0,0.0,tina38@cook.biz
159,Michael Williamson,15.0,0.0,2024-09-19,0.0,0.0,0.0,83.0,wrightwilliam@stevenson.com
160,Sara Bowman,11.0,5.0,2024-09-19,0.0,0.0,54.0,65.0,
161,Robert Warren,11.0,0.0,2024-09-19,90.0,91.0,0.0,68.0,stephanie98@hotmail.com
162,Stacy Norton,11.0,8.0,2024-09-19,0.0,70.0,0.0,77.0,
163,David Rodriguez,6.0,8.0,2014-02-10,51.0,0.0,0.0,83.0,aviladeborah@delgado.com
164,Larry Stewart,11.0,6.0,2024-09-19,0.0,0.0,76.0,94.0,
165,Kim Murray,8.0,5.0,2024-09-19,0.0,65.0,0.0,0.0,
166,Kathryn Gordon,7.0,8.0,2024-09-19,0.0,54.0,0.0,52.0,
167,Lisa Stewart,11.0,6.0,2024-09-19,77.0,0.0,0.0,0.0,
168,Bruce Cox,6.0,5.0,2024-09-19,57.0,0.0,81.0,66.0,
169,Kenneth Williamson,11.0,0.0,2024-09-19,0.0,81.0,60.0,82.0,williamsongeorge@hotmail.com
170,Teresa Reyes,11.0,5.0,2024-09-19,63.0,0.0,0.0,0.0,
171,Brian Wyatt,11.0,5.0,2024-09-19,0.0,79.0,86.0,88.0,blacklindsey@yahoo.com
172,Thomas Parrish,11.0,0.0,2024-09-19,0.0,0.0,83.0,94.0,audreymoore@hotmail.com
173,Derrick Martinez,11.0,5.0,2024-09-19,0.0,86.0,0.0,0.0,
174,Julie Jackson,11.0,6.0,2003-10-11,0.0,0.0,91.0,76.0,bethflores@mitchell-black.com
175,Jill Payne,11.0,8.0,2024-09-19,0.0,0.0,96.0,72.0,
176,Jeffrey Petty,11.0,0.0,2024-09-19,0.0,84.0,89.0,85.0,michael15@gmail.com
177,Melanie Cox,12.0,5.0,2024-09-19,0.0,0.0,78.0,96.0,ethan68@sherman.com
178,Krista French,11.0,8.0,2024-09-19,99.0,0.0,0.0,0.0,
179,Joe Stephenson,11.0,8.0,2024-09-19,0.0,60.0,0.0,0.0,
180,Jeremy Smith,16.0,8.0,2024-09-19,0.0,0.0,50.0,0.0,caroline12@garcia-myers.com
181,Christopher Flores,16.0,0.0,2024-09-19,91.0,0.0,0.0,0.0,xchurch@hotmail.com
182,Ariel Brady,11.0,0.0,2024-09-19,70.0,0.0,0.0,66.0,
183,Sheila Cunningham,11.0,7.0,2024-09-19,0.0,0.0,86.0,84.0,shaneroy@clay.info
184,Blake Johnson,11.0,0.0,1986-09-08,0.0,0.0,0.0,0.0,georgehammond@yahoo.com
185,Justin Olsen,10.0,5.0,2024-09-19,0.0,58.0,0.0,98.0,nicholasgross@fuller.com
186,Kelly Dillon,11.0,6.0,2024-09-19,74.0,0.0,0.0,0.0,paulajohnston@tucker.com
187,Jessica Morgan DVM,11.0,0.0,1981-01-09,0.0,68.0,0.0,62.0,mercadojustin@garcia.com
188,Lauren Smith,11.0,8.0,2024-09-19,0.0,0.0,0.0,0.0,
189,Annette Garcia,11.0,0.0,2024-09-19,0.0,0.0,0.0,92.0,brentadams@allen.com
190,Heather Lopez,17.0,5.0,2024-09-19,0.0,0.0,0.0,0.0,
191,Maria Vasquez,7.0,7.0,2024-09-19,93.0,0.0,0.0,93.0,
192,Lawrence Berry,11.0,8.0,2024-09-19,0.0,0.0,0.0,87.0,narmstrong@miller.com
193,Shawn Ortiz,11.0,7.0,2024-09-19,0.0,0.0,0.0,84.0,adrian38@williams.org
194,Gregory Preston,5.0,7.0,2024-01-07,0.0,0.0,59.0,55.0,
195,Paul Cuevas,15.0,5.0,2024-09-19,94.0,0.0,0.0,0.0,
196,Jennifer Davis,18.0,6.0,2024-09-19,0.0,0.0,62.0,0.0,
197,Cynthia King,11.0,7.0,2024-09-19,0.0,0.0,64.0,94.0,anthonyadams@yahoo.com
198,Mark Hawkins,11.0,0.0,2024-09-19,0.0,0.0,0.0,90.0,
199,Tyler Simmons,6.0,6.0,2024-09-19,91.0,0.0,98.0,56.0,
200,Catherine Martinez,7.0,7.0,2024-09-19,0.0,0.0,0.0,0.0,brittany02@deleon.net
201,John Rowe,11.0,7.0,2024-09-19,0.0,0.0,0.0,71.0,
202,Brittany Phillips DDS,11.0,7.0,2024-09-19,0.0,0.0,0.0,0.0,gardnerjonathan@carter-fuentes.org
203,Megan Montoya,11.0,6.0,2024-09-19,100.0,0.0,0.0,0.0,
204,Dennis Taylor,11.0,5.0,2024-09-19,79.0,0.0,55.0,0.0,
205,Amanda Norris,11.0,5.0,2024-09-19,0.0,0.0,0.0,75.0,sarahrosales@gmail.com
206,Jessica Cain,13.0,5.0,2024-09-19,0.0,0.0,70.0,51.0,
207,Amber Mckinney,16.0,0.0,2024-09-19,0.0,0.0,0.0,69.0,morganann@gmail.com
208,Jill Roberts,11.0,8.0,2024-09-19,0.0,74.0,0.0,0.0,
209,Samantha White,7.0,6.0,2024-09-19,0.0,0.0,92.0,53.0,scott56@gmail.com
210,Andrew Briggs,11.0,0.0,2024-09-19,0.0,91.0,0.0,63.0,
211,Danielle Johnson,13.0,8.0,2024-09-19,0.0,91.0,0.0,67.0,
212,Pamela Villa,15.0,8.0,2024-09-19,0.0,0.0,0.0,79.0,kbrown@gmail.com
213,Wayne Day,11.0,7.0,2024-09-19,0.0,0.0,91.0,89.0,
214,Debra Fritz,9.0,8.0,2024-09-19,0.0,0.0,0.0,57.0,zcarroll@yahoo.com
215,Kimberly Austin,11.0,5.0,2024-09-19,83.0,62.0,0.0,0.0,arthurmorales@lopez-gregory.com
216,Darrell Butler,9.0,5.0,2009-10-12,0.0,0.0,86.0,75.0,swhite@ross.net
217,Mark Smith,11.0,0.0,2024-09-19,70.0,0.0,0.0,81.0,jwilson@mccarthy.com
218,Kristen Hunter,11.0,5.0,2024-09-19,0.0,0.0,66.0,73.0,jasonpacheco@yahoo.com
219,Amy Juarez,11.0,7.0,2024-09-19,0.0,0.0,0.0,61.0,paula16@hotmail.com
220,Kristina Wright,15.0,5.0,1984-02-12,0.0,0.0,0.0,70.0,
221,Jamie Boone,11.0,8.0,2024-09-19,82.0,0.0,0.0,0.0,brent51@manning-hatfield.com
222,Elijah Martinez,11.0,8.0,2024-09-19,57.0,80.0,90.0,99.0,brittney11@hotmail.com
223,Chad Martinez,11.0,8.0,2024-09-19,0.0,0.0,0.0,0.0,faith87@hotmail.com
224,Kimberly Stewart,11.0,0.0,2024-09-19,0.0,0.0,0.0,0.0,
225,Jeffrey Smith,11.0,8.0,2024-09-19,0.0,85.0,0.0,76.0,
226,Kevin Larson,9.0,0.0,2024-09-19,89.0,0.0,87.0,96.0,
227,Jessica Kaiser,11.0,6.0,2024-09-19,96.0,92.0,0.0,83.0,
228,Hailey Smith,18.0,8.0,2024-09-19,0.0,0.0,0.0,66.0,alexandermoore@yahoo.com
229,Matthew Martinez,13.0,5.0,2024-09-19,0.0,0.0,0.0,0.0,
230,Jennifer Parker,11.0,6.0,2024-09-19,97.0,0.0,0.0,0.0,
231,Patrick Lopez,13.0,7.0,2024-09-19,91.0,0.0,0.0,0.0,bonniehayes@gmail.com
232,Nicole Wagner,11.0,0.0,2024-09-19,97.0,55.0,0.0,0.0,jennifer38@ball.org
233,Vickie Lamb,11.0,8.0,2011-01-11,0.0,94.0,71.0,96.0,katelynjuarez@hotmail.com
234,John Salinas,11.0,7.0,2024-09-19,0.0,0.0,0.0,0.0,joshua92@nichols.com
235,Kristy Adams,11.0,6.0,2024-09-19,0.0,0.0,0.0,98.0,gary92@davenport.com
236,Christopher Ruiz,11.0,7.0,2024-09-19,0.0,0.0,57.0,0.0,alan90@nunez-williams.com
237,Elizabeth Anderson,11.0,6.0,2024-09-19,0.0,0.0,0.0,53.0,omartin@johnson-johnson.com
238,Mark Edwards,7.0,0.0,2024-09-19,0.0,0.0,100.0,68.0,
239,Matthew Price,14.0,6.0,2024-09-19,0.0,0.0,0.0,97.0,laurenhamilton@hotmail.com
240,David Valdez,11.0,6.0,2024-09-19,69.0,0.0,72.0,0.0,
241,Casey Lynch,11.0,5.0,2024-09-19,100.0,62.0,0.0,64.0,holly37@hotmail.com
242,Catherine Nelson,11.0,0.0,2024-09-19,70.0,86.0,60.0,0.0,
243,Jimmy Fitzgerald,6.0,5.0,2024-09-19,75.0,0.0,98.0,83.0,henryjeremy@navarro.com
244,Jasmin Rogers,11.0,8.0,2024-09-19,92.0,0.0,77.0,54.0,
245,Julie Obrien,7.0,8.0,2024-09-19,0.0,0.0,82.0,0.0,amanda62@gmail.com
246,Angelica Tyler,10.0,8.0,2024-09-19,0.0,0.0,0.0,0.0,
247,Alexandra Rogers,11.0,6.0,2024-09-19,0.0,0.0,0.0,91.0,mcguirejames@smith.com
248,Ronald Gutierrez,6.0,6.0,2024-09-19,0.0,0.0,0.0,0.0,
249,Susan Griffin,11.0,0.0,2024-09-19,92.0,75.0,90.0,0.0,obrooks@gmail.com
250,Andrea Elliott,11.0,7.0,2024-09-19,59.0,64.0,0.0,71.0,monica15@harmon.info
251,Matthew Crawford,11.0,5.0,2024-09-19,0.0,85.0,0.0,0.0,
252,Dalton Williams,8.0,8.0,2024-09-19,0.0,0.0,76.0,99.0,oporter@stone-brown.com
253,Allison Steele,11.0,6.0,2024-09-19,74.0,0.0,0.0,0.0,andrealeonard@rodriguez-newman.org
254,Tammy Campbell,11.0,7.0,2024-09-19,0.0,0.0,0.0,95.0,jscott@delgado.org
255,Justin Cook,11.0,8.0,2024-09-19,70.0,0.0,0.0,0.0,bellelizabeth@yahoo.com
256,Christopher Lopez,11.0,8.0,2024-09-19,0.0,74.0,65.0,0.0,
257,Eric Ballard,11.0,6.0,2024-09-19,96.0,89.0,0.0,0.0,monica66@hotmail.com
258,Lisa Lewis,11.0,7.0,2024-09-19,96.0,0.0,65.0,0.0,
259,Andrew Clements,11.0,8.0,2024-09-19,0.0,0.0,0.0,55.0,qroman@hotmail.com
260,Ryan Park,11.0,0.0,2024-09-19,0.0,50.0,0.0,91.0,fwhite@castaneda-lopez.com
261,Michelle Graham,11.0,7.0,2024-09-19,0.0,0.0,0.0,0.0,ubrown@gmail.com
262,Jennifer Brown,11.0,6.0,2024-09-19,0.0,0.0,62.0,79.0,mcfarlandmichael@gmail.com
263,Ashley Walker,13.0,5.0,2024-09-19,0.0,0.0,64.0,0.0,
264,George Ray,11.0,5.0,2024-09-19,0.0,0.0,0.0,84.0,
265,Eric Mcdonald,11.0,7.0,2024-09-19,0.0,98.0,0.0,91.0,seanmiller@gmail.com
266,Ashley Smith,11.0,7.0,2024-09-19,97.0,0.0,75.0,89.0,mmorris@wright.com
267,John Stephens,8.0,5.0,2024-09-19,0.0,0.0,0.0,88.0,jason42@yahoo.com
268,Kaitlyn Parker,11.0,8.0,2024-09-19,0.0,0.0,0.0,100.0,
269,Nancy Edwards,11.0,5.0,2024-09-19,81.0,0.0,0.0,0.0,vvasquez@carter.com
270,David Ross,11.0,5.0,2024-09-19,90.0,0.0,0.0,75.0,calderonmargaret@edwards.info
271,Vanessa Pruitt,11.0,8.0,2024-09-19,0.0,0.0,63.0,86.0,
272,Kevin Gray,11.0,7.0,2024-09-19,0.0,75.0,0.0,65.0,justin00@yahoo.com
273,David Kim,5.0,7.0,2024-09-19,89.0,0.0,62.0,0.0,
274,Larry May,11.0,7.0,2024-09-19,0.0,0.0,99.0,93.0,
275,Carrie Chang,11.0,0.0,2024-09-19,0.0,0.0,85.0,0.0,
276,Madison Prince,11.0,7.0,2024-09-19,61.0,89.0,79.0,0.0,
277,Gerald Mccann,11.0,0.0,2024-09-19,0.0,0.0,89.0,0.0,
278,Jamie Olsen,11.0,7.0,2024-09-19,83.0,86.0,0.0,0.0,daniel75@gallegos.org
279,Melanie Ward,11.0,8.0,2024-09-19,98.0,0.0,0.0,0.0,
280,Eric Griffin,5.0,7.0,2024-09-19,0.0,0.0,66.0,0.0,nashchristopher@coleman-lane.org
281,Anna Bennett,14.0,8.0,2024-09-19,68.0,63.0,0.0,72.0,
282,Rebekah Norton,16.0,6.0,2024-09-19,0.0,0.0,95.0,0.0,
283,Jacqueline Melendez,11.0,6.0,2024-09-19,0.0,0.0,0.0,0.0,icummings@phillips.net
284,Jerome Moore,17.0,8.0,2024-09-19,0.0,0.0,0.0,97.0,
285,Cody Gilbert,11.0,5.0,2024-09-19,0.0,0.0,0.0,0.0,
286,Tammy Mcmahon,9.0,5.0,2024-09-19,0.0,0.0,0.0,0.0,carrillotara@levine.net
287,Kelly Murphy,8.0,8.0,2024-09-19,72.0,0.0,0.0,0.0,
288,William Miller,11.0,5.0,2024-09-19,58.0,0.0,0.0,0.0,
289,Katrina Smith,11.0,8.0,2024-09-19,90.0,0.0,74.0,66.0,
290,John Jones,11.0,8.0,2024-09-19,0.0,0.0,54.0,0.0,jose02@hotmail.com
291,Emma Williams,11.0,6.0,2019-01-07,0.0,0.0,0.0,100.0,oalvarez@yahoo.com
292,Michael Becker,11.0,5.0,2024-09-19,0.0,0.0,0.0,0.0,
293,Christine Perez,5.0,6.0,2024-09-19,97.0,0.0,0.0,0.0,
294,Carla Cooper,11.0,5.0,2024-09-19,0.0,70.0,0.0,0.0,
295,Jose Bush,11.0,8.0,2024-09-19,52.0,0.0,0.0,0.0,
296,Theresa Newton,11.0,6.0,2024-09-19,65.0,0.0,98.0,76.0,
297,Elizabeth Garcia,11.0,7.0,2024-09-19,0.0,0.0,88.0,51.0,
298,James Kane,11.0,0.0,2024-09-19,59.0,89.0,0.0,96.0,youngchristian@hotmail.com
299,Debra Brown,11.0,6.0,2024-09-19,0.0,0.0,0.0,0.0,
300,Sarah Mccoy,15.0,5.0,2024-09-19,95.0,0.0,0.0,94.0,hbaker@yahoo.com
301,Danielle Zuniga,9.0,7.0,2024-09-19,0.0,0.0,0.0,77.0,andersonsamantha@velez.com
302,Jessica Johnson,11.0,5.0,1970-06-02,91.0,0.0,92.0,69.0,pittmanmatthew@hotmail.com
303,Luke Gentry,9.0,5.0,2024-09-19,86.0,0.0,97.0,0.0,
304,Joshua Guerrero,11.0,5.0,2013-02-06,87.0,0.0,85.0,0.0,djohnson@yahoo.com
305,Zachary Torres,11.0,0.0,2024-09-19,0.0,0.0,0.0,51.0,jennifer47@fritz-washington.net
306,Robert Sanchez,12.0,0.0,2024-09-19,0.0,0.0,0.0,97.0,
307,Laura Duran,11.0,8.0,2024-09-19,0.0,0.0,0.0,0.0,
308,Mr. Brian Brooks,11.0,5.0,2024-09-19,74.0,0.0,0.0,71.0,danielle04@gmail.com
309,Justin Blair,8.0,7.0,2019-11-10,0.0,80.0,0.0,90.0,michael12@hotmail.com
310,Brittany Wilson,6.0,0.0,2024-09-19,82.0,0.0,0.0,72.0,
311,Lee Miller,11.0,5.0,2024-09-19,0.0,0.0,0.0,77.0,sheripitts@foster-davis.info
312,Jordan Allen,9.0,0.0,2024-09-19,0.0,0.0,63.0,0.0,thomas79@wilson.biz
313,Stephen Pena,11.0,0.0,2024-09-19,0.0,0.0,0.0,0.0,hollyfoster@howard.org
314,William Moore,11.0,5.0,1973-04-03,0.0,0.0,0.0,93.0,
315,William Griffin,11.0,7.0,2024-09-19,97.0,0.0,0.0,92.0,
316,Michelle Tucker,11.0,7.0,2024-09-19,0.0,0.0,64.0,64.0,andreamiles@hotmail.com
317,David Sanders,11.0,0.0,2024-09-19,0.0,0.0,0.0,0.0,dereksavage@pope.com
318,Erik Sharp,11.0,6.0,1994-07-07,52.0,0.0,0.0,0.0,
319,Adam Kennedy,5.0,6.0,2024-09-19,0.0,0.0,70.0,0.0,
320,Daniel Grant,11.0,5.0,2024-09-19,71.0,0.0,0.0,87.0,
321,Charles Chapman,11.0,5.0,2024-09-19,0.0,0.0,65.0,0.0,margaretwhite@robinson.info
322,Billy Wang,11.0,6.0,2024-09-19,0.0,0.0,0.0,0.0,
323,Carol Weber,11.0,0.0,2024-09-19,0.0,0.0,51.0,58.0,
324,Eric Hall,7.0,5.0,2024-09-19,0.0,88.0,0.0,0.0,
325,Dawn Estrada,11.0,5.0,2024-09-19,94.0,69.0,0.0,0.0,kimberlymaxwell@yahoo.com
326,Vanessa Richards,11.0,7.0,2012-01-01,0.0,0.0,0.0,0.0,
327,Janice Mccoy,11.0,5.0,2024-09-19,60.0,0.0,0.0,56.0,
328,Cassandra Ferrell,17.0,8.0,2024-09-19,0.0,0.0,0.0,0.0,
329,Daniel Jones,14.0,5.0,2024-09-19,0.0,56.0,0.0,0.0,mario16@hotmail.com
330,Natalie Gray,9.0,8.0,2024-09-19,75.0,99.0,0.0,85.0,
331,Leah May,11.0,7.0,2024-09-19,0.0,86.0,77.0,0.0,morgandawn@gmail.com
332,Sherry Holmes,13.0,7.0,2024-09-19,56.0,66.0,0.0,56.0,
333,Nicholas Klein,11.0,8.0,2024-09-19,0.0,0.0,51.0,52.0,
334,Betty Perkins,11.0,8.0,2024-09-19,0.0,0.0,0.0,100.0,
335,Jill Hawkins DVM,9.0,8.0,2024-09-19,0.0,57.0,71.0,86.0,
336,Corey Kennedy,11.0,5.0,2024-09-19,0.0,50.0,0.0,0.0,
337,Alicia Fuller,8.0,8.0,2024-09-19,65.0,0.0,0.0,89.0,amanda35@hotmail.com
338,Sarah Gilbert,11.0,5.0,2024-09-19,0.0,0.0,52.0,0.0,
339,Jamie Torres,11.0,5.0,2024-09-19,0.0,0.0,0.0,79.0,
340,Jacob Jones,8.0,5.0,2024-09-19,0.0,0.0,0.0,83.0,lichristine@mathews.com
341,Vernon Nelson,5.0,8.0,2024-09-19,0.0,0.0,0.0,0.0,
342,Sharon Wise,11.0,6.0,2024-09-19,0.0,0.0,0.0,92.0,mendezmaria@hinton.com
343,Melissa Robinson,11.0,7.0,2024-09-19,88.0,72.0,62.0,0.0,
344,Cheryl Washington,8.0,5.0,2024-09-19,100.0,0.0,0.0,99.0,
345,Christopher Bernard,17.0,6.0,2024-09-19,0.0,0.0,0.0,0.0,michellewalls@hotmail.com
346,Erica Cunningham,14.0,5.0,2024-09-19,0.0,0.0,0.0,0.0,elandry@yahoo.com
347,Robert Davidson,11.0,8.0,2024-09-19,0.0,0.0,0.0,89.0,leahschultz@gmail.com
348,Samantha Miles,16.0,8.0,2024-09-19,71.0,97.0,0.0,62.0,ogordon@hotmail.com
349,Tyler Fernandez,11.0,6.0,2024-09-19,70.0,0.0,63.0,78.0,smithcassandra@simmons.net
350,Samuel Bradshaw,11.0,7.0,2024-09-19,0.0,0.0,0.0,0.0,ejuarez@taylor.net
351,Spencer Ortiz,17.0,6.0,2024-09-19,90.0,0.0,86.0,83.0,
352,Javier Tucker,11.0,5.0,2024-09-19,0.0,0.0,98.0,92.0,sheryl12@hotmail.com
353,Jordan Walker,11.0,0.0,2024-09-19,0.0,0.0,0.0,0.0,
354,Chelsea Duran,13.0,0.0,2024-09-19,77.0,0.0,99.0,0.0,
355,Sean Kline,15.0,5.0,1973-01-06,0.0,0.0,0.0,82.0,reedlee@gmail.com
356,Stephanie Huang,11.0,6.0,2024-09-19,71.0,0.0,0.0,0.0,
357,Destiny Cooper,11.0,8.0,2024-09-19,0.0,0.0,0.0,67.0,
358,James Ramirez,11.0,6.0,2024-09-19,0.0,0.0,0.0,66.0,
359,Joshua Gutierrez,16.0,5.0,2024-09-19,0.0,88.0,0.0,0.0,amanda68@henry.com
360,Brittany Mathis,11.0,0.0,2024-09-19,0.0,67.0,0.0,55.0,
361,Jason Cunningham,11.0,7.0,2024-09-19,61.0,0.0,91.0,0.0,
362,April Palmer,10.0,0.0,1981-09-07,0.0,0.0,0.0,0.0,
363,Jamie Dunn,11.0,7.0,2024-09-19,95.0,0.0,0.0,71.0,
364,Dr. Rebecca Clarke,11.0,8.0,2024-09-19,85.0,0.0,0.0,88.0,rcollins@braun-schwartz.org
365,David Brown,10.0,8.0,2024-09-19,93.0,0.0,0.0,81.0,
366,Kyle Carter,13.0,7.0,2024-09-19,0.0,0.0,0.0,0.0,hunterjessica@yahoo.com
367,James Arnold,9.0,8.0,2024-09-19,0.0,95.0,0.0,0.0,
368,Jennifer Smith,11.0,5.0,2024-09-19,57.0,0.0,83.0,94.0,
369,Megan Rojas,10.0,8.0,2024-09-19,0.0,74.0,89.0,0.0,
370,Todd Gregory,11.0,8.0,2020-11-02,0.0,52.0,0.0,86.0,michael61@gmail.com
371,John Wallace,11.0,8.0,2011-11-01,0.0,0.0,64.0,0.0,
372,Barbara Adams,11.0,0.0,2024-09-19,84.0,79.0,0.0,64.0,
373,Teresa Christensen,11.0,8.0,2024-09-19,97.0,87.0,0.0,56.0,
374,Kimberly Carpenter,11.0,7.0,2024-09-19,0.0,0.0,0.0,0.0,
375,Chris Lewis,11.0,7.0,2024-09-19,77.0,0.0,0.0,62.0,
376,Rachel King,6.0,0.0,2024-09-19,91.0,84.0,69.0,68.0,ashleymcgrath@williams.org
377,Amber Roberts,11.0,0.0,2024-09-19,0.0,0.0,97.0,77.0,
378,Henry Porter,7.0,5.0,2024-09-19,0.0,61.0,78.0,97.0,
379,Lindsey Cole,6.0,7.0,2024-09-19,55.0,0.0,0.0,0.0,skinnerjoseph@rush-newton.com
380,Brenda Bridges,11.0,7.0,2024-09-19,0.0,67.0,0.0,0.0,
381,David Solis,12.0,7.0,2024-09-19,0.0,0.0,0.0,65.0,
382,Michelle Allison,11.0,7.0,1991-05-06,75.0,51.0,0.0,0.0,susanlong@yahoo.com
383,Jeremy Ross,11.0,7.0,1996-01-10,73.0,0.0,56.0,83.0,wgray@yahoo.com
384,Andres Watson,11.0,8.0,2024-09-19,0.0,87.0,0.0,0.0,copelandangela@munoz.com
385,Rachel Martin,5.0,6.0,2024-09-19,96.0,0.0,65.0,77.0,fhill@hotmail.com
386,Jennifer Johnson,6.0,8.0,2024-09-19,0.0,52.0,83.0,93.0,
387,Donna Rodriguez,10.0,5.0,2024-09-19,0.0,0.0,0.0,0.0,howardjoshua@gmail.com
388,Jason Arias,11.0,5.0,2024-09-19,0.0,87.0,0.0,87.0,agreen@hines.com
389,Larry Gardner,8.0,6.0,2024-09-19,89.0,0.0,0.0,68.0,pattersongarrett@martin.com
390,Amanda Nguyen,11.0,8.0,2024-09-19,89.0,51.0,0.0,0.0,
391,Karen Mcclain,11.0,0.0,2024-09-19,0.0,55.0,0.0,87.0,michael86@hotmail.com
392,Alyssa Gregory,13.0,8.0,2024-09-19,0.0,0.0,0.0,77.0,
393,Alyssa Delacruz,11.0,8.0,2024-09-19,0.0,0.0,0.0,0.0,
394,Kurt Gonzalez,11.0,8.0,2024-09-19,0.0,65.0,0.0,0.0,collinscatherine@hawkins-thomas.biz
395,Cody Mathis,11.0,8.0,2024-09-19,87.0,0.0,0.0,81.0,bellderek@morales.net
396,Lisa Green,14.0,8.0,2024-09-19,81.0,0.0,0.0,63.0,
397,Thomas Gomez,11.0,7.0,2024-09-19,0.0,84.0,55.0,52.0,tuckerjulia@scott-king.net
398,Carrie Pierce,11.0,5.0,2024-09-19,0.0,0.0,0.0,0.0,qcarter@hotmail.com
399,Mrs. Sally Lane DVM,11.0,8.0,2024-09-19,59.0,0.0,63.0,0.0,
400,Matthew Peters,11.0,5.0,2024-09-19,0.0,0.0,0.0,68.0,benjamin41@gmail.com
401,Steven Brown,16.0,8.0,2024-09-19,0.0,94.0,0.0,0.0,
402,Adam Jackson,11.0,8.0,2024-09-19,96.0,0.0,0.0,67.0,jasonbrown@gates-anderson.com
403,Juan Salazar,11.0,7.0,2024-09-19,0.0,71.0,0.0,97.0,
404,Michele Chambers,11.0,7.0,2024-09-19,0.0,0.0,0.0,0.0,jodihancock@yahoo.com
405,Joshua Santiago,18.0,8.0,2024-09-19,0.0,0.0,0.0,0.0,dillonlawrence@hotmail.com
406,Brandon Lee,11.0,6.0,1996-11-09,0.0,0.0,87.0,0.0,erichardin@smith.biz
407,Travis Cole,11.0,5.0,2024-09-19,0.0,0.0,99.0,0.0,
408,Robin Wolf,11.0,0.0,2024-09-19,0.0,68.0,0.0,86.0,huntergregory@hotmail.com
409,Kirsten Green,11.0,6.0,2024-09-19,62.0,74.0,0.0,80.0,
410,Krista Chapman DDS,15.0,8.0,2024-09-19,95.0,0.0,0.0,0.0,
411,Kathleen Beasley,11.0,0.0,2024-09-19,0.0,86.0,0.0,100.0,
412,Casey Murphy,17.0,5.0,2024-09-19,55.0,63.0,0.0,0.0,cisnerosbarry@yahoo.com
413,Michael Ellis,14.0,8.0,2024-09-19,0.0,76.0,0.0,0.0,
414,Diane Little,18.0,6.0,2024-09-19,58.0,0.0,0.0,0.0,hernandezjoseph@gmail.com
415,Tiffany Butler,18.0,6.0,2024-09-19,56.0,62.0,0.0,99.0,townsendjennifer@stewart-terry.biz
416,Cynthia Hood,11.0,7.0,2024-09-19,0.0,0.0,0.0,67.0,amber64@scott.net
417,Jessica Gonzalez,6.0,5.0,2024-09-19,77.0,0.0,0.0,0.0,
418,Troy Mendoza,11.0,5.0,2024-09-19,0.0,89.0,0.0,92.0,zsullivan@hotmail.com
419,Lisa Smith,11.0,5.0,2024-09-19,0.0,100.0,0.0,0.0,
420,Jesus Townsend,10.0,8.0,2024-09-19,92.0,0.0,0.0,0.0,
421,James Blake,11.0,7.0,2024-09-19,0.0,59.0,0.0,97.0,
422,Michelle Myers,9.0,7.0,2024-09-19,93.0,0.0,66.0,0.0,david65@yahoo.com
423,Jennifer James,11.0,7.0,2024-09-19,61.0,0.0,98.0,0.0,melissahensley@johnston.com
424,Kenneth Williamson,11.0,5.0,2024-09-19,99.0,94.0,0.0,0.0,
425,Kimberly Mullins,11.0,5.0,2024-09-19,0.0,0.0,70.0,54.0,
426,Charles Flores,11.0,0.0,2024-09-19,0.0,0.0,66.0,51.0,
427,Christopher Dixon,11.0,5.0,2024-09-19,0.0,94.0,0.0,93.0,
428,Ashley Ryan,8.0,6.0,2024-09-19,0.0,0.0,0.0,0.0,daniel04@kennedy.info
429,Nicole Lewis,11.0,0.0,2024-09-19,97.0,58.0,84.0,51.0,haleycooper@yahoo.com
430,Brenda Johnson,9.0,0.0,2024-09-19,62.0,71.0,89.0,0.0,ecrawford@gmail.com
431,Michael Brown,11.0,8.0,2024-09-19,0.0,0.0,0.0,0.0,
432,Victor Mitchell,11.0,0.0,2024-09-19,85.0,60.0,73.0,0.0,
433,Brittany Dean,5.0,7.0,1972-02-05,0.0,0.0,0.0,0.0,
434,Matthew Walker,11.0,7.0,2024-09-19,0.0,0.0,0.0,53.0,
435,Krystal Allen,8.0,6.0,2024-09-19,92.0,0.0,0.0,55.0,huertarobin@gmail.com
436,Monica Lewis,11.0,0.0,2024-09-19,0.0,0.0,0.0,61.0,
437,Aaron Coleman,11.0,0.0,2024-09-19,90.0,86.0,0.0,70.0,
438,Michael Case,11.0,6.0,2024-09-19,0.0,0.0,0.0,87.0,
439,Robert Mccarthy,11.0,7.0,2024-09-19,0.0,0.0,0.0,66.0,jeffery42@lewis.com
440,Janet Hall,11.0,6.0,2024-09-19,0.0,92.0,52.0,70.0,
441,Angela Singh,11.0,0.0,2024-09-19,85.0,0.0,51.0,55.0,
442,Peggy Kerr,11.0,0.0,2024-09-19,0.0,0.0,0.0,0.0,
443,Melissa Castillo,11.0,5.0,2024-09-19,0.0,0.0,59.0,0.0,csimmons@yahoo.com
444,Madison Graham,11.0,5.0,2024-09-19,85.0,0.0,91.0,58.0,
445,Shirley Leonard,11.0,0.0,2024-09-19,80.0,0.0,68.0,74.0,margaretmiller@rice-spencer.info
446,Benjamin Ford MD,11.0,7.0,2024-09-19,0.0,0.0,88.0,89.0,rosecrystal@yahoo.com
447,Michelle Simmons,11.0,7.0,2024-09-19,0.0,0.0,80.0,52.0,bgardner@hotmail.com
448,Brian Wise,11.0,7.0,2020-08-07,0.0,0.0,0.0,73.0,
449,Rebecca Olson,11.0,5.0,2018-04-05,0.0,0.0,0.0,75.0,
450,David Garrett,11.0,6.0,2024-09-19,0.0,81.0,0.0,0.0,ygilbert@jones.info
451,Michael Lynch,11.0,7.0,2024-09-19,77.0,0.0,0.0,64.0,jennifertaylor@barnes.com
452,Brian White,17.0,5.0,2024-09-19,0.0,0.0,0.0,0.0,
453,Erika Wells,11.0,5.0,2024-09-19,0.0,58.0,0.0,62.0,
454,George Keith,11.0,7.0,2024-09-19,98.0,0.0,0.0,0.0,kellykyle@grant-jordan.net
455,Mary Barton,11.0,5.0,2024-09-19,72.0,0.0,0.0,98.0,david97@yahoo.com
456,Shannon Hancock,11.0,8.0,2024-09-19,0.0,0.0,90.0,98.0,opatterson@bautista.com
457,Steven Collier,11.0,7.0,2024-09-19,0.0,85.0,52.0,70.0,
458,Ariel Coleman,11.0,8.0,2024-09-19,0.0,66.0,0.0,0.0,adamthompson@rivas.biz
459,Daniel Ramos,9.0,6.0,2024-09-19,0.0,0.0,0.0,86.0,amy72@alexander-navarro.info
460,Herbert Reynolds,11.0,6.0,2024-09-19,98.0,97.0,56.0,88.0,
461,Holly Williams,11.0,0.0,2024-09-19,0.0,63.0,62.0,0.0,robertsblake@martinez-stephenson.com
462,Shane Scott,11.0,0.0,2024-09-19,70.0,63.0,91.0,53.0,terryrenee@gmail.com
463,Lori Greene,11.0,0.0,2024-09-19,0.0,0.0,0.0,91.0,waguilar@gmail.com
464,Lauren Harper,11.0,6.0,2024-09-19,0.0,0.0,0.0,0.0,tiffanyhughes@brooks.com
465,Robert Smith,17.0,0.0,2024-09-19,61.0,0.0,60.0,0.0,juan94@petty-moore.com
466,Brittany Sherman,11.0,5.0,2024-09-19,0.0,0.0,0.0,60.0,
467,Shelly Kelley,11.0,7.0,2024-09-19,0.0,0.0,0.0,98.0,
468,Sabrina Mahoney,11.0,7.0,2024-09-19,0.0,0.0,0.0,0.0,
469,Maria Marquez,11.0,5.0,1975-12-04,0.0,74.0,73.0,79.0,
470,Joel Pena,11.0,6.0,2024-09-19,91.0,79.0,0.0,74.0,
471,Valerie Sanders,11.0,5.0,2024-09-19,74.0,0.0,0.0,61.0,megan15@wood-adams.com
472,Theresa Copeland,11.0,8.0,2024-09-19,77.0,64.0,84.0,84.0,
473,Victor Jones,10.0,7.0,2024-09-19,0.0,53.0,0.0,0.0,sanderssarah@patel-hurley.com
474,Michelle Hall,8.0,6.0,2024-09-19,0.0,57.0,0.0,58.0,stephen36@rivas-cook.com
475,Tracy Dean,11.0,6.0,2024-09-19,0.0,0.0,79.0,0.0,
476,Alexis Osborne,7.0,8.0,2024-09-19,0.0,0.0,0.0,0.0,ricemeredith@rangel.com
477,Daniel George,15.0,6.0,2024-09-19,0.0,89.0,0.0,0.0,
478,David Lewis,11.0,7.0,2024-09-19,0.0,0.0,88.0,0.0,
479,Amanda Bishop,11.0,0.0,2024-09-19,90.0,0.0,0.0,0.0,
480,Lawrence Gonzalez,11.0,5.0,2024-09-19,0.0,0.0,74.0,90.0,
481,Howard Shelton,17.0,6.0,2024-09-19,0.0,0.0,0.0,0.0,brandon33@gmail.com
482,Randy Bush,11.0,7.0,2024-09-19,69.0,61.0,0.0,0.0,imcconnell@price-avery.biz
483,Patrick Castro,11.0,8.0,2024-09-19,0.0,0.0,0.0,0.0,qwallace@hotmail.com
484,Gregg Brooks,5.0,7.0,2001-06-11,68.0,0.0,0.0,0.0,gsmith@hotmail.com
485,John Bowers,13.0,6.0,2024-09-19,0.0,0.0,0.0,86.0,
486,Raymond Romero,11.0,8.0,2024-09-19,0.0,0.0,0.0,0.0,
487,Morgan Baldwin,11.0,8.0,2024-09-19,85.0,0.0,0.0,0.0,
488,James Young,9.0,7.0,1988-04-12,0.0,0.0,0.0,0.0,
489,Garrett Choi,18.0,6.0,2024-09-19,67.0,0.0,0.0,87.0,
490,Andrew Cooper,11.0,7.0,2024-09-19,0.0,0.0,0.0,0.0,
491,Oscar Brown,11.0,0.0,2024-09-19,0.0,0.0,0.0,84.0,laurenhayes@gmail.com
492,Stacey Rodriguez,11.0,6.0,2024-09-19,0.0,0.0,0.0,99.0,
493,Daniel Giles,11.0,8.0,2024-09-19,0.0,0.0,0.0,0.0,
494,Kathryn Murphy,11.0,6.0,2024-09-19,0.0,0.0,93.0,81.0,bullockmichael@gmail.com
495,Kelly Brown,11.0,5.0,2024-09-19,0.0,0.0,0.0,54.0,
496,Kayla Miller,11.0,6.0,2024-09-19,54.0,0.0,0.0,0.0,ochapman@murray.com
497,Jordan Dominguez,11.0,7.0,2024-09-19,0.0,0.0,0.0,61.0,webstergordon@gmail.com
498,Jane Mejia,11.0,0.0,2024-09-19,0.0,0.0,0.0,0.0,
499,Steven Neal,6.0,6.0,2024-09-19,89.0,0.0,0.0,0.0,
500,Alfred Robertson,14.0,7.0,2024-09-19,0.0,63.0,0.0,66.0,zsalazar@hotmail.com
501,Rachel Campbell,11.0,8.0,2009-01-08,71.0,53.0,0.0,0.0,
502,David Singh,11.0,8.0,2024-09-19,0.0,0.0,59.0,0.0,klewis@hotmail.com
503,Jeff Boyer,5.0,5.0,2024-09-19,0.0,95.0,0.0,78.0,vincentmichael@lucas.com
504,Daniel Diaz,5.0,6.0,2024-09-19,66.0,0.0,0.0,99.0,donna06@yahoo.com
505,Samuel Brown,11.0,5.0,2024-09-19,81.0,0.0,70.0,0.0,
506,Joseph Sullivan,10.0,7.0,2024-09-19,0.0,0.0,50.0,100.0,randybrewer@yahoo.com
507,Brandy Hanson,11.0,8.0,2000-08-10,0.0,0.0,0.0,99.0,
508,Mr. Jason Soto,16.0,7.0,2024-09-19,0.0,0.0,0.0,65.0,
509,Charles Espinoza,10.0,5.0,2024-09-19,0.0,79.0,0.0,57.0,
510,Melissa Green,8.0,0.0,2024-09-19,0.0,93.0,100.0,54.0,
511,Amanda Collins,11.0,6.0,2024-09-19,50.0,0.0,0.0,97.0,
512,Miss Melanie Mclaughlin,11.0,8.0,2024-09-19,0.0,73.0,0.0,0.0,
513,Tommy Wilson,16.0,0.0,2000-03-12,0.0,0.0,0.0,0.0,krystal55@jones.com
514,Clarence Wilkinson,11.0,8.0,2024-09-19,0.0,0.0,0.0,96.0,
515,Zachary Bradley,11.0,8.0,2024-09-19,0.0,0.0,57.0,60.0,angelamaldonado@hotmail.com
516,Gilbert Fox,11.0,8.0,2024-09-19,0.0,0.0,0.0,75.0,
517,Kristin Rodriguez,11.0,7.0,2024-09-19,0.0,0.0,74.0,0.0,
518,James Dixon,8.0,0.0,2024-09-19,79.0,61.0,0.0,57.0,timothyaustin@gmail.com
519,Daniel Webb MD,15.0,6.0,2024-09-19,0.0,0.0,0.0,0.0,
520,Maria Gonzales,17.0,8.0,2024-09-19,0.0,0.0,0.0,0.0,
521,Carla Lindsey,11.0,7.0,2005-07-09,0.0,82.0,0.0,83.0,
522,Leslie Smith,11.0,5.0,2024-09-19,0.0,0.0,0.0,0.0,rwalsh@browning.com
523,Christopher Brown,13.0,0.0,2024-09-19,0.0,98.0,67.0,0.0,
524,Denise Anderson,11.0,5.0,2024-09-19,69.0,0.0,0.0,0.0,christopherrangel@stevens.com
525,Larry Stanley,18.0,6.0,2024-09-19,0.0,0.0,0.0,83.0,yoneill@wood.com
526,Kevin Archer III,11.0,0.0,2024-09-19,65.0,0.0,68.0,89.0,jcastro@woods.com
527,Kimberly Massey,11.0,5.0,2024-09-19,0.0,0.0,0.0,91.0,ronaldbuchanan@wilson.info
528,Brandon Winters,11.0,5.0,2024-09-19,0.0,0.0,0.0,62.0,
529,Isaiah Harrison,11.0,8.0,2024-09-19,0.0,0.0,0.0,58.0,valenciathomas@baker.com
530,Kristina Ellis,11.0,7.0,2024-09-19,81.0,0.0,0.0,0.0,downsbrittany@hotmail.com
531,Timothy Smith,11.0,0.0,1976-02-11,0.0,72.0,93.0,0.0,andersonjoshua@gonzalez.biz
532,Yvonne Reeves,11.0,8.0,2024-09-19,0.0,0.0,0.0,0.0,taylor37@yahoo.com
533,Aaron Casey,11.0,8.0,2024-09-19,55.0,62.0,0.0,0.0,sherrimartinez@hotmail.com
534,Karen Santiago,11.0,5.0,2024-09-19,0.0,0.0,56.0,0.0,shepherdheather@gmail.com
535,Donald Wright,11.0,7.0,2024-09-19,0.0,0.0,100.0,0.0,
536,Todd Duran,11.0,5.0,2024-09-19,0.0,97.0,0.0,0.0,
537,Tommy Orr,11.0,0.0,2024-09-19,0.0,87.0,0.0,0.0,
538,Michael Diaz,11.0,6.0,2024-09-19,0.0,0.0,0.0,0.0,
539,Harry Schneider,11.0,5.0,2024-09-19,88.0,81.0,0.0,76.0,
540,Heather Aguilar,11.0,6.0,2024-09-19,0.0,82.0,0.0,55.0,reginabarnes@gmail.com
541,Matthew Brooks,11.0,5.0,2024-09-19,0.0,0.0,88.0,0.0,
542,Vanessa Matthews,16.0,7.0,2024-09-19,0.0,0.0,0.0,0.0,
543,Tanya Berg,11.0,6.0,2024-09-19,0.0,0.0,0.0,55.0,leeerica@hotmail.com
544,Melissa Daniels,11.0,5.0,2024-09-19,0.0,0.0,0.0,90.0,
545,Troy Thompson,11.0,6.0,2024-09-19,0.0,0.0,0.0,0.0,
546,Regina Brown,11.0,5.0,2024-09-19,0.0,0.0,0.0,0.0,steven20@gmail.com
547,Michael Benitez,11.0,5.0,2024-09-19,76.0,97.0,0.0,79.0,fhickman@yahoo.com
548,Amanda Kidd,11.0,5.0,2013-06-01,50.0,0.0,0.0,0.0,
549,Joe Martinez,11.0,0.0,1978-12-12,0.0,0.0,0.0,59.0,
550,Beth Rodriguez,11.0,0.0,2024-09-19,0.0,0.0,0.0,0.0,
551,Thomas Baker,5.0,0.0,2024-09-19,0.0,0.0,0.0,0.0,rbarton@weaver.biz
552,Jason Maxwell,11.0,7.0,2024-09-19,93.0,0.0,0.0,68.0,
553,Robert Anderson,11.0,8.0,2024-09-19,82.0,83.0,0.0,0.0,fchandler@conner.com
554,Alan Woods,11.0,7.0,1979-07-09,0.0,0.0,0.0,0.0,
555,Dominique Collins,11.0,5.0,2024-09-19,53.0,71.0,0.0,90.0,robert83@hotmail.com
556,Robert Stevens,11.0,8.0,2024-09-19,0.0,65.0,85.0,68.0,navarrodiana@ewing.com
557,Shannon Chase,11.0,5.0,2024-09-19,0.0,75.0,0.0,100.0,
558,Jeffery Reyes,11.0,8.0,2024-09-19,57.0,0.0,0.0,0.0,
559,Gordon Reid,16.0,5.0,2024-09-19,62.0,0.0,0.0,69.0,bcarpenter@costa-collins.com
560,Rebecca Bean,15.0,8.0,2024-09-19,0.0,75.0,74.0,66.0,
561,Joshua Lloyd,7.0,8.0,2024-09-19,0.0,53.0,0.0,0.0,
562,Don Jones DDS,11.0,7.0,2024-09-19,73.0,92.0,0.0,56.0,kzamora@griffin.biz
563,Susan Jenkins,11.0,7.0,2024-09-19,0.0,0.0,0.0,0.0,pmcmillan@hotmail.com
564,Reginald Morgan,11.0,5.0,2024-09-19,0.0,0.0,0.0,0.0,
565,Zachary Hall,11.0,5.0,2024-09-19,0.0,54.0,0.0,88.0,
566,Nicole Roberts,11.0,5.0,2024-09-19,82.0,84.0,99.0,53.0,
567,Leon Edwards,9.0,5.0,2024-09-19,89.0,73.0,0.0,51.0,
568,Lisa Mitchell,11.0,0.0,2024-09-19,0.0,0.0,65.0,87.0,wanda31@freeman.com
569,Ricardo Harrington,11.0,6.0,2000-03-11,0.0,52.0,0.0,0.0,
570,Melanie Bruce,11.0,6.0,2024-09-19,0.0,96.0,0.0,0.0,
571,Alyssa Compton,14.0,6.0,2024-09-19,92.0,0.0,0.0,86.0,
572,Stephanie Patel,11.0,5.0,2024-09-19,87.0,67.0,66.0,72.0,ambermorris@ramos-rivera.com
573,Luis Hill,11.0,5.0,2024-09-19,50.0,51.0,0.0,79.0,victor14@miller-brewer.info
574,Tony Hopkins,11.0,0.0,2024-09-19,74.0,0.0,0.0,98.0,
575,Emily Stark,11.0,7.0,2024-09-19,0.0,0.0,0.0,0.0,
576,Benjamin Lee,11.0,7.0,2024-09-19,0.0,0.0,0.0,98.0,mooresusan@gmail.com
577,James Reilly,5.0,6.0,2024-09-19,0.0,77.0,0.0,0.0,
578,Abigail Johnson,17.0,6.0,2024-09-19,0.0,0.0,0.0,77.0,laurenhuff@gmail.com
579,Courtney Flores,5.0,0.0,2024-09-19,92.0,62.0,0.0,73.0,hyang@yahoo.com
580,Derek Nolan,11.0,0.0,2024-09-19,0.0,0.0,0.0,0.0,jasminbullock@hotmail.com
581,Christopher Anderson,11.0,7.0,2024-09-19,0.0,80.0,0.0,81.0,amandacaldwell@hotmail.com
582,Shelby Blake,11.0,7.0,2024-09-19,55.0,0.0,96.0,68.0,
583,Julia Terrell,11.0,8.0,2024-09-19,84.0,0.0,0.0,59.0,
584,Emily Richardson,11.0,6.0,2024-09-19,69.0,0.0,57.0,0.0,
585,Xavier Carroll,11.0,7.0,2024-09-19,0.0,0.0,0.0,0.0,
586,Carlos Kelly,11.0,5.0,2024-09-19,0.0,90.0,0.0,79.0,
587,James Arias,11.0,0.0,2024-09-19,74.0,0.0,0.0,0.0,taylordanielle@whitaker.com
588,Kimberly Myers,6.0,8.0,2005-01-04,0.0,0.0,0.0,0.0,
589,John Lang,17.0,5.0,2013-02-06,0.0,69.0,0.0,65.0,
590,Kim Carter,11.0,7.0,2021-12-12,0.0,0.0,85.0,65.0,villarreallisa@carter-arnold.com
591,Ryan Wagner,11.0,0.0,2024-09-19,0.0,75.0,0.0,51.0,
592,Debra Singh,17.0,8.0,2024-09-19,0.0,57.0,92.0,0.0,nathangamble@yahoo.com
593,Dylan Johnson,12.0,8.0,2024-09-19,92.0,0.0,0.0,0.0,grose@stevens-thornton.com
594,Laura Powers,6.0,5.0,2024-09-19,93.0,0.0,0.0,99.0,bauerdavid@hotmail.com
595,John Boyd,11.0,8.0,2024-09-19,0.0,97.0,0.0,0.0,
596,Taylor Gross,11.0,6.0,2024-09-19,0.0,0.0,0.0,0.0,lisaharrison@yahoo.com
597,George Cooper,11.0,6.0,2024-09-19,55.0,60.0,78.0,0.0,amandamurphy@yahoo.com
598,Dr. Joseph Perez,11.0,5.0,2024-09-19,85.0,0.0,0.0,0.0,vstone@hernandez-riley.com
599,Tyler Freeman,9.0,7.0,2024-09-19,79.0,0.0,0.0,56.0,lorihorne@george.com
600,Tyler Allen,11.0,6.0,2024-09-19,88.0,0.0,0.0,61.0,
601,Megan Mullins,11.0,6.0,2024-09-19,63.0,0.0,58.0,0.0,
602,Anthony Reed,11.0,6.0,2024-09-19,0.0,0.0,0.0,0.0,
603,Dr. Robert Warren,15.0,6.0,2024-09-19,0.0,60.0,0.0,0.0,
604,Dawn Grant,13.0,5.0,2024-09-19,0.0,0.0,57.0,95.0,karafarley@lopez.com
605,Brian Doyle,6.0,0.0,1996-11-12,0.0,0.0,0.0,53.0,
606,Antonio Jackson,11.0,6.0,2024-09-19,0.0,72.0,0.0,68.0,middletonandrew@robinson-meza.biz
607,Traci Lopez,11.0,8.0,2024-09-19,0.0,0.0,0.0,0.0,hudsonmary@bell.info
608,Donald Mills,16.0,7.0,2024-09-19,0.0,80.0,0.0,0.0,garrettjessica@yahoo.com
609,Jack Hernandez,18.0,0.0,2024-09-19,67.0,74.0,67.0,0.0,smoore@wong.com
610,Michael Mitchell,11.0,6.0,2024-09-19,0.0,0.0,79.0,55.0,bakerjennifer@davis.com
611,Thomas Stewart,11.0,0.0,2024-09-19,70.0,0.0,0.0,58.0,
612,Michael Hensley,16.0,0.0,2024-09-19,0.0,81.0,75.0,75.0,
613,Chelsea Bailey,11.0,8.0,2024-09-19,58.0,67.0,0.0,72.0,
614,Sheila Robles,10.0,5.0,2017-02-07,0.0,89.0,0.0,89.0,
615,Gregory Snyder,11.0,7.0,2019-10-05,0.0,71.0,0.0,89.0,
616,Kyle Bradley,11.0,5.0,2024-09-19,0.0,0.0,0.0,0.0,
617,Elizabeth Wolf,16.0,0.0,2024-09-19,85.0,69.0,0.0,0.0,
618,Christina Greene,11.0,6.0,2024-09-19,0.0,73.0,0.0,76.0,rangeljose@oconnor-whitaker.biz
619,Teresa Perez,11.0,5.0,2024-09-19,0.0,0.0,0.0,0.0,xadams@smith.com
620,Shelia Mccormick,11.0,7.0,1972-06-02,79.0,76.0,0.0,88.0,jason92@roy.info
621,Miguel Evans,11.0,0.0,2016-10-04,0.0,0.0,0.0,87.0,
622,Joshua Hampton,9.0,6.0,2024-09-19,0.0,64.0,0.0,98.0,
623,Robert Wilson,12.0,0.0,2024-09-19,0.0,0.0,0.0,0.0,
624,Sean Lucas,7.0,6.0,2024-09-19,72.0,0.0,78.0,0.0,
625,Jennifer Goodman,11.0,5.0,2024-09-19,0.0,0.0,0.0,0.0,
626,Jessica Smith,7.0,0.0,2024-09-19,0.0,0.0,0.0,0.0,cnelson@hotmail.com
627,Jennifer Moran,11.0,5.0,2024-09-19,69.0,61.0,0.0,0.0,vromero@hotmail.com
628,Heather Stout,11.0,0.0,2024-09-19,0.0,0.0,97.0,77.0,
629,Anthony Chavez,11.0,6.0,2024-09-19,0.0,0.0,78.0,99.0,
630,Stacey Hickman,11.0,5.0,2024-09-19,0.0,0.0,0.0,54.0,james21@powell.biz
631,Carla Beck,16.0,7.0,2024-09-19,76.0,0.0,58.0,0.0,rosstracey@davis.com
632,Angela Ward,11.0,7.0,2024-09-19,0.0,0.0,92.0,100.0,uwade@flores-thomas.com
633,William Holmes,11.0,6.0,2024-09-19,0.0,0.0,0.0,0.0,jeremywilson@yahoo.com
634,Richard Kennedy,11.0,8.0,2024-09-19,0.0,0.0,0.0,0.0,
635,Mark Pittman,10.0,7.0,2024-09-19,0.0,0.0,0.0,74.0,
636,Jennifer Terry,11.0,5.0,2024-09-19,0.0,53.0,0.0,0.0,
637,Jason Thomas,11.0,7.0,2024-09-19,0.0,0.0,0.0,0.0,todd51@bishop.com
638,Andrea Johnson,6.0,0.0,2024-09-19,55.0,0.0,0.0,62.0,chad77@gmail.com
639,Xavier Watts,11.0,7.0,2024-09-19,100.0,0.0,69.0,61.0,
640,George Williams,8.0,6.0,2024-09-19,80.0,83.0,0.0,0.0,yolanda12@gmail.com
641,Juan Paul,11.0,8.0,1998-11-08,0.0,0.0,52.0,80.0,
642,Victoria Ramsey,12.0,5.0,2024-09-19,74.0,0.0,0.0,57.0,
643,Christopher Lopez,11.0,5.0,2024-09-19,0.0,96.0,0.0,80.0,
644,Matthew Pope,11.0,5.0,2024-09-19,0.0,90.0,95.0,90.0,randall02@williams.org
645,Kelly Cohen,14.0,5.0,2024-09-19,0.0,88.0,0.0,84.0,megan97@hotmail.com
646,Nathan Greene,11.0,8.0,2024-09-19,0.0,73.0,0.0,58.0,ihutchinson@howard-moreno.com
647,Ann Hanson,11.0,5.0,2024-09-19,99.0,0.0,0.0,0.0,richardssandra@gmail.com
648,Jesse Smith,14.0,7.0,2024-09-19,0.0,0.0,80.0,100.0,
649,Adam Atkins,11.0,6.0,2024-09-19,0.0,0.0,77.0,60.0,jamie54@johnson.com
650,William Green,11.0,0.0,2024-09-19,0.0,0.0,0.0,71.0,mirandavazquez@farley.info
651,Jose Brown,11.0,8.0,2024-09-19,0.0,0.0,0.0,0.0,nicholevargas@duran.biz
652,Lisa Blackwell,12.0,0.0,2024-09-19,0.0,0.0,77.0,62.0,
653,Matthew Ramos,9.0,8.0,2024-09-19,58.0,0.0,0.0,52.0,
654,Lance Small,11.0,5.0,2024-09-19,62.0,0.0,92.0,0.0,
655,Dr. Michael Ellis,11.0,7.0,2024-09-19,69.0,0.0,0.0,0.0,
656,Melissa Smith,14.0,8.0,2024-09-19,0.0,0.0,85.0,0.0,
657,Raymond Villanueva,11.0,0.0,2024-09-19,81.0,0.0,0.0,63.0,pknight@logan.com
658,Matthew Carlson,11.0,0.0,2024-09-19,0.0,70.0,0.0,0.0,
659,Robert Morales,18.0,5.0,2024-09-19,0.0,94.0,0.0,99.0,
660,Alexander Hinton,11.0,7.0,2024-09-19,68.0,0.0,0.0,0.0,
661,Kristen Crosby,11.0,7.0,2024-09-19,0.0,73.0,68.0,0.0,
662,Whitney Sharp,7.0,6.0,2024-09-19,0.0,0.0,0.0,0.0,ryan89@yahoo.com
663,Amanda Lyons,11.0,6.0,2024-09-19,0.0,0.0,0.0,51.0,
664,Brian Swanson,16.0,5.0,1986-09-03,90.0,0.0,0.0,69.0,
665,Christine Graham,18.0,5.0,2024-09-19,0.0,0.0,0.0,74.0,
666,Elizabeth Austin,11.0,8.0,2024-09-19,100.0,0.0,0.0,67.0,
667,William Adams,11.0,5.0,2024-09-19,0.0,0.0,75.0,68.0,
668,Michelle Simpson,6.0,6.0,2024-09-19,54.0,74.0,78.0,0.0,michele90@hotmail.com
669,Pam Jackson,8.0,0.0,2024-09-19,0.0,0.0,0.0,0.0,
670,Edwin Mills,11.0,8.0,2024-09-19,0.0,67.0,0.0,98.0,mcummings@hotmail.com
671,Cameron Gaines,11.0,6.0,2024-09-19,0.0,0.0,0.0,0.0,
672,Nicholas Miller,11.0,7.0,2024-09-19,57.0,0.0,0.0,71.0,
673,Frank Wilson,11.0,8.0,2024-09-19,0.0,0.0,0.0,70.0,
674,Mark Collins,11.0,8.0,2024-09-19,0.0,67.0,0.0,96.0,
675,Rebecca Brown,11.0,0.0,2024-09-19,0.0,0.0,0.0,0.0,qbriggs@smith.com
676,Francisco Mayo,12.0,6.0,2024-09-19,0.0,0.0,70.0,57.0,
677,Adam Hubbard,11.0,0.0,2024-09-19,66.0,0.0,72.0,0.0,sarathompson@cole.com
678,Thomas Carr,11.0,6.0,2014-09-01,0.0,0.0,89.0,100.0,
679,Katie White,11.0,7.0,2024-09-19,0.0,0.0,0.0,0.0,
680,Brandon Fleming,11.0,5.0,2024-09-19,0.0,89.0,0.0,0.0,amandajacobs@holloway.com
681,Andrew White MD,11.0,7.0,2024-09-19,0.0,0.0,0.0,92.0,
682,Anthony Novak,11.0,5.0,2024-09-19,68.0,0.0,0.0,0.0,
683,Stephanie Stout,5.0,5.0,2024-09-19,0.0,0.0,0.0,61.0,
684,Stacy Mclaughlin,11.0,5.0,2024-09-19,90.0,0.0,0.0,0.0,bskinner@herring.com
685,Bryan Taylor,11.0,6.0,2024-09-19,0.0,0.0,91.0,0.0,nicholas32@gmail.com
686,Kristine Sweeney DVM,11.0,8.0,1983-05-10,0.0,0.0,0.0,90.0,matthew33@baker.info
687,Melissa Munoz,11.0,8.0,2024-09-19,57.0,0.0,60.0,70.0,josephfisher@stone.net
688,Shannon Garcia,11.0,7.0,2024-09-19,0.0,0.0,0.0,0.0,
689,Daniel Brown,11.0,6.0,2024-09-19,0.0,0.0,0.0,74.0,jonescaroline@alvarado.org
690,Brandy Goodwin,11.0,5.0,2024-09-19,0.0,82.0,0.0,71.0,glasslindsay@gmail.com
691,Denise Estrada,11.0,6.0,2014-06-01,0.0,0.0,0.0,55.0,adkinsanna@herman.com
692,Matthew Johnson,11.0,7.0,2024-09-19,52.0,0.0,0.0,0.0,
693,Linda Stewart,11.0,7.0,2024-09-19,0.0,0.0,85.0,62.0,okelly@gmail.com
694,Carrie Taylor,14.0,0.0,2024-09-19,0.0,0.0,0.0,90.0,
695,Robert Compton,11.0,7.0,2024-09-19,54.0,77.0,0.0,0.0,
696,John Erickson,13.0,6.0,2024-09-19,0.0,0.0,0.0,0.0,
697,Jeffrey Rasmussen,18.0,6.0,2024-09-19,0.0,0.0,82.0,0.0,gina52@yahoo.com
698,Jessica Oliver,15.0,0.0,2024-09-19,0.0,0.0,0.0,97.0,john51@soto-castro.net
699,Maria Meyer,11.0,8.0,2024-09-19,0.0,0.0,67.0,0.0,fmathis@jackson.com
700,Ashley Stafford,11.0,5.0,2024-09-19,0.0,0.0,0.0,93.0,parksjames@phillips-porter.net
701,Renee Chen,11.0,8.0,2024-09-19,0.0,0.0,0.0,59.0,
702,Marc Briggs,6.0,6.0,2024-09-19,0.0,0.0,0.0,50.0,jonathonclark@hotmail.com
703,Brandon Alexander,18.0,7.0,2024-09-19,0.0,54.0,71.0,97.0,brandon30@hotmail.com
704,Ryan Gould,13.0,7.0,2024-09-19,61.0,0.0,0.0,0.0,
705,Erik Anderson,5.0,7.0,2024-09-19,0.0,0.0,0.0,0.0,latashabrown@hotmail.com
706,Michael Winters,11.0,5.0,2019-09-09,0.0,0.0,77.0,0.0,ibanks@robinson-harris.com
707,Amanda Lewis,13.0,6.0,2024-09-19,0.0,0.0,94.0,82.0,timothy75@yahoo.com
708,Robert Austin,11.0,7.0,2024-09-19,70.0,0.0,0.0,0.0,
709,Tiffany Miller,12.0,6.0,2024-09-19,0.0,0.0,50.0,66.0,
710,Samantha Hamilton,11.0,7.0,2024-09-19,0.0,72.0,0.0,97.0,hmarshall@hotmail.com
711,Matthew Scott,11.0,0.0,2024-09-19,0.0,0.0,0.0,78.0,tfrench@mathis-spencer.com
712,Christopher Davenport,11.0,7.0,2024-09-19,0.0,0.0,0.0,87.0,
713,Kimberly Carney,11.0,8.0,2024-09-19,0.0,85.0,64.0,0.0,
714,Adam Walker,11.0,0.0,2024-09-19,0.0,79.0,0.0,0.0,kennethmoreno@love-reeves.org
715,Roy Bailey,11.0,7.0,2024-09-19,0.0,0.0,0.0,0.0,
716,Lori Allen,11.0,6.0,2024-09-19,0.0,0.0,0.0,0.0,
717,Kelly Woodard,11.0,5.0,2024-09-19,73.0,89.0,0.0,0.0,
718,Joshua Gomez,11.0,7.0,2024-09-19,83.0,0.0,0.0,0.0,
719,Jennifer Diaz,11.0,5.0,2024-09-19,87.0,0.0,54.0,0.0,
720,Nicholas Tran,11.0,7.0,2024-09-19,0.0,99.0,0.0,0.0,lhowell@carey-whitney.net
721,Kelly Morton,11.0,0.0,2024-09-19,0.0,86.0,58.0,0.0,
722,Samuel Andrews,17.0,0.0,2024-09-19,0.0,85.0,0.0,95.0,chandlersherry@yahoo.com
723,Steve Freeman,11.0,8.0,2024-09-19,0.0,0.0,0.0,0.0,johnsoncarrie@gmail.com
724,Wesley Mclean,11.0,8.0,2024-09-19,53.0,60.0,0.0,0.0,
725,Nicole Mccarty,11.0,7.0,2024-09-19,0.0,0.0,0.0,60.0,zstokes@gmail.com
726,Jennifer Morrison,17.0,0.0,2024-09-19,0.0,0.0,88.0,69.0,
727,Tracey Camacho,11.0,6.0,2024-09-19,55.0,99.0,61.0,90.0,harriscarol@gmail.com
728,Judith Anderson,11.0,0.0,2024-09-19,0.0,0.0,62.0,0.0,jesus86@weaver.com
729,Mr. Isaac Lamb DDS,11.0,6.0,2024-09-19,60.0,79.0,79.0,0.0,stevenreed@sanchez.biz
730,Devin Maynard,11.0,0.0,2024-09-19,0.0,0.0,0.0,87.0,
731,Jessica Allen,17.0,0.0,2024-09-19,72.0,0.0,0.0,0.0,sharon96@hotmail.com
732,Jay Cruz,11.0,5.0,2024-09-19,0.0,0.0,0.0,0.0,
733,Faith Vega,8.0,5.0,2024-09-19,0.0,0.0,52.0,0.0,
734,Rebecca Rodriguez,8.0,6.0,2024-09-19,0.0,56.0,75.0,54.0,daviddavis@hotmail.com
735,Wesley Hanson,13.0,5.0,2024-09-19,0.0,75.0,69.0,55.0,
736,Alan Arellano,18.0,6.0,2024-09-19,0.0,0.0,0.0,100.0,xmarshall@novak.com
737,Diamond Wood,11.0,6.0,2024-09-19,0.0,75.0,62.0,85.0,
738,Jon Powell,11.0,8.0,2024-09-19,0.0,50.0,0.0,54.0,jenna56@yahoo.com
739,Joseph Baker,11.0,6.0,2024-09-19,88.0,0.0,0.0,0.0,
740,James Miller,11.0,6.0,2024-09-19,0.0,59.0,0.0,86.0,
741,Jonathan Price,13.0,8.0,2024-09-19,0.0,0.0,99.0,79.0,lindsey30@yahoo.com
742,Erin Hunter,11.0,8.0,2024-09-19,0.0,0.0,0.0,0.0,wheelerjames@wolfe.net
743,Stephanie Mills,11.0,6.0,1977-04-11,78.0,0.0,56.0,68.0,cynthiafoster@cox.net
744,Katherine Berg,11.0,6.0,2024-09-19,0.0,0.0,72.0,69.0,guerrerorobert@hotmail.com
745,Tammy Miller,11.0,6.0,2009-12-04,82.0,79.0,0.0,0.0,brandi35@yahoo.com
746,Marcus Fernandez,11.0,8.0,2024-09-19,0.0,74.0,80.0,50.0,
747,Katrina Howard PhD,11.0,8.0,2024-09-19,0.0,75.0,83.0,86.0,
748,Jenna Andersen,15.0,5.0,1994-03-12,0.0,0.0,64.0,0.0,roberthampton@gmail.com
749,Taylor Martinez,18.0,8.0,2024-09-19,72.0,0.0,0.0,61.0,
750,Timothy Torres,18.0,5.0,2024-09-19,0.0,0.0,0.0,99.0,
751,Amanda Chen,11.0,8.0,2024-09-19,0.0,0.0,87.0,0.0,
752,Kendra Craig,11.0,5.0,2024-09-19,0.0,55.0,57.0,0.0,julian16@anderson.com
753,Katherine Park DDS,12.0,5.0,2024-09-19,0.0,59.0,0.0,60.0,
754,Anthony Johnson,11.0,7.0,2024-09-19,71.0,0.0,0.0,0.0,
755,Scott King,11.0,6.0,2024-09-19,0.0,0.0,0.0,0.0,chrisperry@blackwell-davis.com
756,Erik Henry,11.0,8.0,2024-09-19,0.0,0.0,0.0,0.0,yvalencia@yahoo.com
757,Laurie Juarez,5.0,8.0,2024-09-19,68.0,73.0,100.0,0.0,
758,Robert Davis,11.0,8.0,2024-09-19,0.0,56.0,0.0,81.0,
759,Joshua Ellis,11.0,7.0,2024-09-19,64.0,72.0,96.0,95.0,
760,Susan Schultz,11.0,6.0,2024-09-19,0.0,0.0,0.0,97.0,rjohnson@yahoo.com
761,Adam Reynolds,11.0,5.0,2024-09-19,66.0,65.0,0.0,0.0,kayla07@collins-holmes.com
762,Randall Frey,11.0,0.0,2024-09-19,62.0,0.0,0.0,93.0,leahwright@yahoo.com
763,Rachel Anderson,11.0,6.0,2024-09-19,58.0,0.0,0.0,0.0,katie35@baker.com
764,Adam Burke,11.0,5.0,2024-09-19,73.0,0.0,0.0,0.0,
765,Jennifer Hebert,11.0,8.0,2024-09-19,50.0,0.0,0.0,0.0,
766,Stephanie Chavez,11.0,5.0,2024-09-19,0.0,0.0,0.0,55.0,
767,Joseph Paul,11.0,7.0,2024-09-19,0.0,91.0,0.0,0.0,
768,Peter Harrison,7.0,0.0,2024-09-19,96.0,0.0,0.0,0.0,pgraham@russell.biz
769,Francisco Page,18.0,7.0,2024-09-19,0.0,0.0,0.0,0.0,
770,Jeffrey Mason,11.0,6.0,2024-09-19,0.0,95.0,0.0,79.0,
771,Stacey Ramirez,11.0,7.0,2024-09-19,62.0,0.0,0.0,0.0,
772,Logan Saunders,11.0,7.0,2024-09-19,92.0,0.0,67.0,61.0,
773,Phillip Shah,11.0,8.0,2024-09-19,96.0,92.0,0.0,0.0,iwatkins@watts-castro.info
774,Destiny Fisher,11.0,8.0,2024-09-19,0.0,0.0,0.0,0.0,
775,Mario Castaneda,11.0,7.0,2024-09-19,62.0,0.0,85.0,0.0,
776,Kimberly Logan,6.0,7.0,2024-09-19,72.0,89.0,0.0,79.0,
777,Robert Ware,11.0,7.0,2024-09-19,51.0,0.0,0.0,0.0,
778,Joshua Byrd,11.0,8.0,2023-10-12,0.0,0.0,0.0,58.0,
779,Christopher Stevenson,11.0,7.0,2024-09-19,0.0,92.0,0.0,0.0,alexis28@ayers.com
780,Michael Spencer,11.0,0.0,2024-09-19,0.0,0.0,0.0,0.0,jessejimenez@hotmail.com
781,Edward Wright,11.0,7.0,2024-09-19,0.0,71.0,99.0,73.0,
782,Nicholas Glass,11.0,6.0,2024-09-19,71.0,0.0,76.0,84.0,jennifer43@yahoo.com
783,Aaron Lewis,6.0,7.0,2024-09-19,0.0,0.0,0.0,0.0,clarkvalerie@brown-miller.com
784,Mackenzie Thornton,17.0,8.0,2024-09-19,96.0,54.0,81.0,0.0,
785,Elizabeth Mitchell,11.0,0.0,2024-09-19,0.0,91.0,70.0,0.0,guerrajohnathan@richardson.info
786,Dawn Townsend,11.0,6.0,2024-09-19,77.0,73.0,0.0,0.0,
787,Dominique Ayala MD,9.0,0.0,2024-09-19,89.0,0.0,0.0,0.0,joy11@yahoo.com
788,Rachel Jarvis,5.0,6.0,2024-09-19,0.0,0.0,0.0,84.0,
789,Steven Stewart,11.0,5.0,2024-09-19,70.0,0.0,0.0,0.0,lpowell@hotmail.com
790,Joanna Waller,5.0,7.0,2024-09-19,74.0,0.0,0.0,89.0,blake92@gmail.com
791,Nicole Compton,11.0,6.0,2024-09-19,0.0,93.0,0.0,0.0,elizabethsnyder@harrison-crawford.org
792,Deborah Smith,11.0,7.0,2024-09-19,0.0,0.0,0.0,78.0,ruthwatkins@singh.info
793,Molly Gutierrez MD,18.0,6.0,2024-09-19,50.0,64.0,0.0,0.0,
794,Robert Campbell,11.0,0.0,2024-09-19,0.0,0.0,0.0,69.0,
795,Jenna Miller DDS,17.0,8.0,2024-09-19,0.0,63.0,0.0,67.0,alyssa27@hall.com
796,Matthew Rogers,11.0,5.0,1988-07-09,74.0,0.0,67.0,65.0,
797,Alexander Hernandez,11.0,5.0,2024-09-19,94.0,52.0,0.0,0.0,
798,Shelby Solis,11.0,5.0,2024-09-19,67.0,0.0,0.0,70.0,
799,Kathryn Bennett,11.0,5.0,2024-09-19,0.0,0.0,54.0,71.0,
800,Michael Chung,16.0,5.0,2024-09-19,0.0,0.0,0.0,0.0,brian40@yahoo.com
801,Angela Powell,15.0,5.0,2024-09-19,0.0,0.0,89.0,81.0,eweeks@yahoo.com
802,David Palmer,11.0,8.0,2024-09-19,0.0,0.0,82.0,0.0,
803,Donald Watkins,11.0,0.0,2024-09-19,0.0,0.0,50.0,93.0,vmartinez@long.com
804,Mckenzie Davis,18.0,8.0,2024-09-19,73.0,0.0,66.0,0.0,thompsonjennifer@hotmail.com
805,Patricia Harrison,11.0,7.0,2024-09-19,0.0,0.0,0.0,77.0,
806,David Rojas,11.0,5.0,2024-09-19,0.0,0.0,0.0,83.0,
807,Mark Wood,11.0,6.0,2024-09-19,0.0,0.0,93.0,0.0,
808,Richard Carpenter,5.0,6.0,2024-09-19,0.0,92.0,0.0,79.0,
809,Thomas Jackson,11.0,6.0,2024-09-19,0.0,0.0,0.0,98.0,martinezwilliam@hotmail.com
810,Melinda Watkins,10.0,7.0,2024-09-19,0.0,0.0,74.0,82.0,
811,Thomas Morrow,8.0,0.0,2024-09-19,67.0,0.0,0.0,0.0,
812,Dylan Phillips,11.0,6.0,2024-09-19,0.0,0.0,0.0,0.0,
813,David Harris,11.0,7.0,2024-09-19,0.0,0.0,0.0,74.0,robert73@henderson-ochoa.com
814,Jason Ware,11.0,7.0,2024-09-19,0.0,0.0,0.0,100.0,james31@yahoo.com
815,Paul Coffey,11.0,6.0,2024-09-19,0.0,0.0,0.0,0.0,
816,Anna Bowman,11.0,0.0,2024-09-19,92.0,87.0,65.0,0.0,knightanthony@hotmail.com
817,Karen Page,6.0,6.0,2024-09-19,0.0,0.0,70.0,0.0,allensteven@keller.com
818,Nicole Benitez,11.0,5.0,2024-09-19,0.0,0.0,0.0,0.0,michellemorgan@martinez.org
819,William Garcia,11.0,8.0,2024-09-19,0.0,0.0,0.0,0.0,
820,Bianca Cooper,5.0,7.0,2024-09-19,0.0,0.0,0.0,0.0,
821,Mary Barajas,11.0,6.0,2024-09-19,0.0,58.0,0.0,52.0,tyler50@yahoo.com
822,Michael Vance,11.0,6.0,2024-09-19,84.0,0.0,0.0,83.0,ostuart@smith-gregory.org
823,Melissa Sims,12.0,7.0,2024-09-19,0.0,0.0,0.0,73.0,bryan42@yahoo.com
824,Stacy Gonzales,11.0,5.0,2024-09-19,78.0,0.0,0.0,0.0,johnsavage@yahoo.com
825,Stephen Riley,11.0,6.0,2024-09-19,83.0,0.0,91.0,0.0,carterjohn@gmail.com
826,David Allen,11.0,0.0,2024-09-19,0.0,0.0,0.0,0.0,millerdaniel@hotmail.com
827,Kathy West,5.0,0.0,2021-11-11,76.0,63.0,0.0,0.0,
828,Linda Douglas,11.0,0.0,2024-09-19,0.0,0.0,0.0,64.0,
829,Sandra White,8.0,5.0,2024-09-19,0.0,94.0,0.0,65.0,rbullock@gmail.com
830,Duane Walls,11.0,7.0,2024-09-19,0.0,67.0,0.0,0.0,heathernielsen@welch-hunter.net
831,Michael Allen,8.0,6.0,1993-10-06,81.0,0.0,51.0,0.0,
832,George Robinson,11.0,6.0,2024-09-19,0.0,97.0,0.0,0.0,jspencer@gmail.com
833,Suzanne Taylor,11.0,0.0,2024-09-19,0.0,75.0,0.0,0.0,
834,Thomas Boyd,14.0,7.0,2024-09-19,0.0,0.0,91.0,0.0,blackkathryn@gmail.com
835,Whitney Myers,11.0,8.0,2024-09-19,0.0,0.0,0.0,82.0,
836,Erik Burgess,11.0,8.0,2024-09-19,0.0,0.0,0.0,64.0,kathleen90@yahoo.com
837,Lauren Hall,8.0,0.0,2024-09-19,67.0,0.0,56.0,73.0,
838,Catherine Fitzgerald,11.0,8.0,2024-09-19,70.0,63.0,0.0,56.0,morajohn@yahoo.com
839,David Stone,9.0,8.0,2024-09-19,66.0,93.0,0.0,66.0,
840,Scott Cook,11.0,0.0,2002-05-09,91.0,0.0,67.0,0.0,guzmancatherine@johnson.net
841,Christian Saunders,11.0,5.0,2024-09-19,0.0,0.0,76.0,94.0,eperry@gmail.com
842,Cindy Garcia,11.0,0.0,2024-09-19,0.0,0.0,0.0,67.0,hopkinslisa@martin-valdez.com
843,Christy Chandler,11.0,6.0,2024-09-19,0.0,0.0,0.0,53.0,monica37@gmail.com
844,Joanne Prince,11.0,0.0,2024-09-19,0.0,68.0,0.0,70.0,ronaldmartin@reed.com
845,Albert Ellis,11.0,6.0,2024-09-19,0.0,0.0,0.0,54.0,
846,Kevin Lowe,11.0,7.0,2024-09-19,80.0,0.0,0.0,79.0,saraphillips@cross.net
847,Joshua Smith,11.0,5.0,2024-09-19,0.0,0.0,0.0,90.0,
848,Maxwell Rubio,11.0,5.0,2024-09-19,92.0,0.0,75.0,0.0,brandon78@yahoo.com
849,Bryan Hess,11.0,8.0,2024-09-19,0.0,0.0,52.0,62.0,pughmichael@berger.com
850,Jessica Rogers,11.0,8.0,2024-09-19,97.0,86.0,97.0,55.0,
851,Kendra Norton,11.0,8.0,2024-09-19,0.0,77.0,0.0,0.0,
852,Faith Hampton,11.0,8.0,2024-09-19,0.0,0.0,0.0,0.0,
853,David Ramirez,16.0,8.0,2024-09-19,0.0,0.0,77.0,74.0,
854,Daniel Clayton,5.0,6.0,2024-09-19,0.0,0.0,51.0,54.0,clarkbethany@butler.com
855,Grace Blake,5.0,8.0,2019-05-11,0.0,0.0,0.0,0.0,
856,Mitchell Burton,8.0,8.0,2024-09-19,0.0,0.0,86.0,0.0,rthomas@hotmail.com
857,Lauren Moon,10.0,6.0,2024-09-19,0.0,0.0,81.0,91.0,
858,Jeffrey Montgomery,11.0,0.0,2024-09-19,0.0,72.0,92.0,0.0,
859,Cody Ballard,14.0,7.0,2024-09-19,92.0,85.0,0.0,74.0,davisdanielle@mayo-shannon.com
860,Pamela Hoffman,11.0,5.0,2024-09-19,0.0,56.0,59.0,50.0,robertunderwood@brown.com
861,Erica Edwards,11.0,6.0,2024-09-19,0.0,0.0,0.0,0.0,
862,Kimberly Brown,6.0,8.0,2017-06-06,90.0,66.0,0.0,0.0,omiller@davis-randolph.com
863,Sydney Morales,11.0,7.0,2024-09-19,0.0,0.0,0.0,73.0,adrienne44@ali.com
864,Scott Soto,11.0,0.0,2024-09-19,0.0,0.0,64.0,76.0,
865,Jenny Lewis,11.0,0.0,2024-09-19,55.0,95.0,0.0,0.0,
866,Melissa Banks,11.0,7.0,2024-09-19,0.0,0.0,56.0,0.0,thompsonjeffrey@garcia.net
867,Rebekah Simmons DDS,11.0,7.0,1998-03-02,0.0,0.0,0.0,0.0,
868,Hunter Snyder,11.0,6.0,2024-09-19,60.0,0.0,0.0,79.0,
869,Janice Ward,11.0,8.0,2024-09-19,0.0,52.0,0.0,0.0,nicholas04@hotmail.com
870,Nathan Hoffman,11.0,8.0,2024-09-19,0.0,76.0,76.0,0.0,baileychristina@hotmail.com
871,Holly Smith,8.0,5.0,1991-02-08,61.0,54.0,83.0,0.0,chad97@murphy-lewis.com
872,Daniel Williams,11.0,8.0,2024-09-19,59.0,93.0,0.0,71.0,
873,Ashley Johnson MD,11.0,5.0,2024-09-19,0.0,0.0,95.0,0.0,
874,Stephen Olson,11.0,8.0,2024-09-19,86.0,0.0,0.0,58.0,kimberly46@hotmail.com
875,James Bryant,11.0,5.0,2024-09-19,68.0,94.0,63.0,70.0,
876,Stephen Diaz,14.0,5.0,2024-09-19,90.0,65.0,0.0,0.0,michaelgarza@gmail.com
877,Danny Alvarez,11.0,0.0,2024-09-19,81.0,69.0,0.0,57.0,robertpatterson@hotmail.com
878,Larry Love,9.0,8.0,2024-09-19,0.0,0.0,0.0,53.0,
879,Danielle West,6.0,8.0,2024-09-19,0.0,0.0,0.0,0.0,
880,Carol Martinez,13.0,5.0,2024-09-19,0.0,60.0,0.0,0.0,jennifer43@yahoo.com
881,Vanessa Nichols,11.0,0.0,2024-09-19,0.0,0.0,0.0,98.0,
882,Billy Ochoa,10.0,8.0,2024-09-19,0.0,0.0,0.0,0.0,irodriguez@howard-rios.com
883,Courtney Scott,11.0,5.0,2024-09-19,95.0,0.0,60.0,0.0,
884,Mrs. Molly Mckenzie,11.0,8.0,2024-09-19,0.0,0.0,88.0,0.0,brittany50@yahoo.com
885,Nicolas Dunn,11.0,0.0,2024-09-19,51.0,94.0,0.0,0.0,
886,Jessica Moss,11.0,8.0,2024-09-19,82.0,0.0,0.0,88.0,carlosrice@guzman.com
887,Rebecca Oneal,6.0,6.0,2024-09-19,0.0,0.0,0.0,0.0,
888,Veronica Elliott,11.0,7.0,2024-09-19,55.0,69.0,53.0,0.0,martinezsteven@gmail.com
889,Kevin Jackson,11.0,7.0,2024-09-19,0.0,86.0,0.0,68.0,
890,Jeremy Hill,11.0,6.0,2024-09-19,0.0,0.0,90.0,0.0,
891,Tracy Tanner,11.0,0.0,2019-10-03,0.0,0.0,0.0,87.0,emmaburns@robinson.com
892,Alexis Bowman,11.0,6.0,2024-09-19,0.0,0.0,0.0,0.0,ikelley@steele.com
893,Richard Vaughan,9.0,8.0,2024-09-19,0.0,0.0,99.0,0.0,
894,William Simon,11.0,7.0,2024-09-19,90.0,83.0,79.0,0.0,
895,Barbara Lambert,11.0,5.0,2024-09-19,0.0,0.0,0.0,0.0,
896,Mark Lucero,11.0,0.0,1975-09-10,0.0,0.0,86.0,73.0,gabriela56@hotmail.com
897,Michael Cherry,11.0,8.0,1984-04-02,91.0,0.0,0.0,0.0,
898,Blake Dean,11.0,7.0,2024-09-19,0.0,100.0,0.0,70.0,
899,Wanda Perez,8.0,8.0,2024-09-19,58.0,58.0,96.0,0.0,
900,Kenneth Johnson,11.0,6.0,2024-09-19,0.0,0.0,0.0,73.0,annefuller@hotmail.com
901,Ivan Wolf,11.0,7.0,2024-09-19,89.0,0.0,59.0,68.0,
902,Kristen Clark,8.0,8.0,2024-09-19,0.0,66.0,0.0,0.0,murphyangela@bowman.biz
903,Lisa Burke,13.0,8.0,2024-09-19,98.0,96.0,0.0,79.0,
904,Kurt Chavez,11.0,7.0,2000-08-07,0.0,0.0,0.0,50.0,laurenjohnson@cunningham.info
905,Christian Reyes,11.0,6.0,2024-09-19,0.0,67.0,98.0,68.0,wwilson@gmail.com
906,David Hunt,11.0,0.0,1979-07-06,62.0,0.0,0.0,0.0,
907,Melissa Villanueva,11.0,8.0,2024-09-19,0.0,0.0,0.0,0.0,weissronald@hotmail.com
908,Julia Weaver,5.0,7.0,2024-09-19,0.0,0.0,0.0,0.0,
909,Christina Rollins,11.0,5.0,2024-09-19,69.0,0.0,0.0,93.0,
910,Whitney Jones,11.0,5.0,2024-09-19,0.0,0.0,0.0,0.0,david31@davis-payne.biz
911,Raymond Green,9.0,8.0,2024-09-19,0.0,0.0,0.0,54.0,
912,Matthew Davis,12.0,0.0,1971-08-01,0.0,0.0,64.0,0.0,
913,William Castro,5.0,0.0,2003-12-02,60.0,0.0,0.0,88.0,
914,Lauren Evans,11.0,5.0,2024-09-19,0.0,0.0,0.0,0.0,
915,Ryan Anthony,11.0,8.0,2024-09-19,56.0,0.0,0.0,0.0,
916,Eric Bennett,11.0,6.0,2024-09-19,0.0,78.0,0.0,58.0,yatesmaria@yahoo.com
917,Melissa Bailey,11.0,7.0,2024-09-19,69.0,55.0,0.0,82.0,thawkins@delacruz-hamilton.com
918,Corey Guzman,11.0,8.0,2024-09-19,73.0,0.0,0.0,0.0,laura33@bush.org
919,Mary Chandler,11.0,0.0,2024-09-19,88.0,0.0,0.0,0.0,
920,Sharon Graham,11.0,8.0,2024-09-19,0.0,0.0,0.0,0.0,
921,Miranda Parker,11.0,5.0,2024-09-19,74.0,73.0,0.0,0.0,
922,Charlene Peterson,11.0,7.0,2024-09-19,0.0,54.0,0.0,0.0,
923,Angela Bennett,17.0,7.0,2024-09-19,85.0,76.0,0.0,62.0,
924,Tammy Banks,11.0,5.0,2007-05-07,0.0,0.0,0.0,73.0,
925,Mary Fisher,7.0,5.0,2024-09-19,0.0,66.0,0.0,73.0,jodymcknight@armstrong-nguyen.com
926,Brenda Hendricks,11.0,5.0,2024-09-19,0.0,66.0,0.0,95.0,gonzalezashley@yahoo.com
927,Kristen Jones,17.0,7.0,2024-09-19,63.0,88.0,92.0,0.0,
928,Robert Nixon,11.0,8.0,2024-09-19,0.0,0.0,0.0,0.0,
929,Timothy Gardner,11.0,7.0,2024-09-19,78.0,0.0,0.0,98.0,
930,Roy Goodwin,11.0,6.0,2024-09-19,0.0,0.0,85.0,75.0,kwood@yahoo.com
931,Curtis Perez,11.0,5.0,2024-09-19,0.0,0.0,0.0,73.0,
932,Alison Hamilton,11.0,6.0,1989-12-06,0.0,0.0,0.0,57.0,owatts@yahoo.com
933,Lacey Jones,11.0,7.0,2024-09-19,83.0,0.0,0.0,99.0,mcoleman@yahoo.com
934,Vincent Sullivan,18.0,5.0,1990-08-05,0.0,87.0,0.0,0.0,mjohnson@morgan-herrera.com
935,Jason Payne,11.0,5.0,2024-09-19,95.0,0.0,0.0,90.0,
936,Heather Jones,8.0,0.0,2024-09-19,0.0,0.0,0.0,79.0,
937,Natalie Luna,11.0,5.0,2024-09-19,0.0,100.0,99.0,58.0,
938,John Taylor,11.0,7.0,2024-09-19,0.0,0.0,81.0,0.0,eowens@li.com
939,Laura King,11.0,7.0,2024-09-19,98.0,0.0,0.0,79.0,
940,Dawn Norris,11.0,8.0,2024-09-19,58.0,92.0,0.0,95.0,soniabeard@hotmail.com
941,Abigail Owens,11.0,5.0,2024-09-19,0.0,63.0,69.0,66.0,taylor79@gmail.com
942,Nancy Maxwell,6.0,0.0,2024-09-19,62.0,71.0,0.0,0.0,
943,Mary Holland,11.0,5.0,2024-09-19,0.0,82.0,0.0,0.0,
944,Brandon Richardson,15.0,8.0,2024-09-19,0.0,86.0,0.0,0.0,
945,Jacob Knight,10.0,8.0,2024-09-19,0.0,0.0,0.0,0.0,whanson@gonzalez.com
946,Jennifer Young MD,13.0,7.0,2024-09-19,84.0,0.0,0.0,0.0,wongdavid@gomez.com
947,Christina Washington,11.0,7.0,2024-09-19,62.0,0.0,59.0,0.0,
948,James Jennings,11.0,0.0,2024-09-19,0.0,80.0,88.0,0.0,maddendawn@patel-burnett.com
949,Ms. Tonya Ayala,11.0,0.0,2024-09-19,0.0,0.0,0.0,88.0,
950,Joshua Garcia,11.0,6.0,2024-09-19,93.0,0.0,76.0,51.0,
951,Brittany Calhoun,11.0,5.0,2024-09-19,0.0,67.0,92.0,0.0,
952,David King,11.0,5.0,2016-03-07,0.0,71.0,66.0,0.0,
953,Sue Williams,11.0,7.0,2024-09-19,0.0,0.0,51.0,85.0,john49@yahoo.com
954,Roger Hernandez,11.0,8.0,2024-09-19,0.0,0.0,84.0,60.0,
955,Gregory Vaughn,11.0,0.0,2024-09-19,0.0,0.0,70.0,0.0,
956,Kristina Sanchez,10.0,0.0,2024-09-19,69.0,75.0,0.0,0.0,mchan@gmail.com
957,George Miller,11.0,6.0,1976-09-07,0.0,0.0,0.0,82.0,michelle90@hotmail.com
958,Kirsten Hill,11.0,5.0,2024-09-19,76.0,83.0,0.0,64.0,
959,Thomas Lopez,16.0,0.0,2024-09-19,0.0,0.0,0.0,0.0,robert43@berry-rodriguez.net
960,Emily Woodard,18.0,5.0,2008-07-12,0.0,0.0,73.0,0.0,
961,Kathleen Duffy,11.0,0.0,2024-09-19,0.0,0.0,0.0,0.0,ellen05@lewis-walker.org
962,Scott Bradley,11.0,5.0,2024-09-19,74.0,70.0,0.0,0.0,
963,Natalie Shaw,15.0,0.0,2024-09-19,75.0,74.0,0.0,0.0,charlesjohnson@johnson.info
964,Katie Mcclain,14.0,6.0,2024-09-19,0.0,77.0,0.0,56.0,kristin26@rose.com
965,Tyler Miller,5.0,7.0,1988-06-01,57.0,0.0,0.0,0.0,nathanvasquez@washington-peck.com
966,Marc Coleman,12.0,8.0,2024-09-19,78.0,65.0,60.0,72.0,halljulie@gmail.com
967,Michelle Wyatt,18.0,6.0,2024-09-19,0.0,80.0,70.0,0.0,shannon89@flores.net
968,Marcus Navarro,9.0,5.0,2024-09-19,0.0,0.0,63.0,0.0,
969,Richard Thompson,11.0,0.0,2024-09-19,0.0,0.0,0.0,0.0,pagetroy@thompson.com
970,Bryan Tran,11.0,0.0,2024-09-19,54.0,0.0,0.0,86.0,
971,Barbara Hill,11.0,7.0,2019-11-10,0.0,0.0,0.0,0.0,johnsonamanda@gmail.com
972,John Brown,11.0,5.0,2024-09-19,0.0,0.0,0.0,0.0,wardcatherine@norris-walker.com
973,David Stafford,11.0,8.0,2024-09-19,0.0,0.0,0.0,78.0,
974,Gerald Davis,18.0,0.0,2024-09-19,0.0,0.0,0.0,0.0,
975,Stacey Frank,11.0,5.0,2024-09-19,76.0,0.0,57.0,0.0,cookmorgan@yahoo.com
976,Douglas Smith,11.0,7.0,2024-09-19,0.0,0.0,85.0,0.0,
977,Maureen Gilmore,11.0,8.0,2024-09-19,0.0,0.0,67.0,0.0,
978,Theresa Green,11.0,0.0,2024-09-19,75.0,0.0,64.0,0.0,joseph01@gmail.com
979,Claudia Bailey,7.0,7.0,2024-09-19,0.0,0.0,0.0,0.0,sandovaldominique@martinez.com
980,Elizabeth Nichols,16.0,7.0,2024-09-19,0.0,65.0,0.0,0.0,sjoseph@parker.com
981,Sandra Terry,16.0,7.0,2024-09-19,0.0,94.0,60.0,56.0,brittany86@yahoo.com
982,Jeremiah Poole,11.0,6.0,2024-09-19,0.0,84.0,0.0,84.0,
983,Samuel Thomas,11.0,7.0,1976-07-12,0.0,80.0,0.0,0.0,patrickpowell@hernandez.biz
984,Mark Carpenter,14.0,6.0,2024-09-19,0.0,0.0,0.0,0.0,
985,Rebecca Bailey,11.0,6.0,2024-09-19,0.0,0.0,0.0,0.0,xtorres@yahoo.com
986,Jennifer Davis,16.0,6.0,2024-09-19,0.0,85.0,0.0,0.0,sonya62@yahoo.com
987,Michele Smith,11.0,0.0,2024-09-19,0.0,0.0,88.0,82.0,christopher94@hotmail.com
988,Ann Patel,11.0,8.0,2024-09-19,0.0,0.0,98.0,0.0,donnaadams@hotmail.com
989,Austin Swanson,11.0,8.0,2024-09-19,0.0,0.0,0.0,0.0,
990,Stacey Jones,11.0,8.0,2007-03-06,0.0,0.0,0.0,88.0,
991,Alisha Compton,11.0,7.0,2024-09-19,56.0,81.0,0.0,85.0,
992,Nicholas Bailey,11.0,7.0,2024-09-19,96.0,0.0,0.0,0.0,
993,Johnny Velasquez,11.0,7.0,2024-09-19,0.0,0.0,0.0,0.0,
994,Alan Taylor,11.0,0.0,2024-09-19,0.0,0.0,89.0,62.0,brettkeith@hotmail.com
995,Miranda Brown,11.0,0.0,2024-09-19,84.0,0.0,67.0,0.0,thorton@salazar.biz
996,Michelle Archer,10.0,0.0,2015-02-05,0.0,53.0,0.0,60.0,ngeorge@garcia-chung.com
997,Jenna Lloyd,17.0,7.0,2024-09-19,0.0,88.0,56.0,90.0,jennifer39@lee.com
998,Patrick Cooper,11.0,7.0,2024-09-19,0.0,68.0,54.0,0.0,
999,Joseph Hopkins,13.0,5.0,2024-09-19,0.0,51.0,97.0,0.0,
1000,Rachel Williams,6.0,8.0,2024-09-19,0.0,0.0,0.0,0.0,keith71@beck.biz
